scenario,model,method,period,MAE_original,WIS_original,nWIS_original,nMAE_original,pinball_original,coverage50_original,width50_original,nwidth50_original,coverage80_original,width80_original,nwidth80_original,coverage90_original,width90_original,nwidth90_original,coverage95_original,width95_original,nwidth95_original,RMSE_original,complete_dates_original,rows_original,nWIS_macro_complete_days_original,nWIS_ci_low_original,nWIS_ci_high_original,MAE_repaired,WIS_repaired,nWIS_repaired,nMAE_repaired,pinball_repaired,coverage50_repaired,width50_repaired,nwidth50_repaired,coverage80_repaired,width80_repaired,nwidth80_repaired,coverage90_repaired,width90_repaired,nwidth90_repaired,coverage95_repaired,width95_repaired,nwidth95_repaired,RMSE_repaired,complete_dates_repaired,rows_repaired,nWIS_macro_complete_days_repaired,nWIS_ci_low_repaired,nWIS_ci_high_repaired
calendar_only,lgbm,raw,2023Q4_shift,7525.397255489953,4372.353511468048,0.8754713987692748,1.389261036052654,2186.176755734024,0.4578488372093023,8226.734506667468,1.2260867177677546,0.7165697674418605,15143.249488257505,2.750770440320136,0.8052325581395349,18576.829761566714,3.821566551791271,0.8808139534883721,22258.044880227462,5.005519955961644,16161.318480979597,86,688,0.8754713987692747,0.638510114182696,1.1192403782544564,7525.397255489953,4372.353511468048,0.8754713987692748,1.389261036052654,2186.176755734024,0.4578488372093023,8226.734506667468,1.2260867177677546,0.7165697674418605,15143.249488257505,2.750770440320136,0.8052325581395349,18576.829761566714,3.821566551791271,0.8808139534883721,22258.044880227462,5.005519955961644,16161.318480979597,86,688,0.8754713987692747,0.638510114182696,1.1192403782544564
calendar_only,lgbm,raw,2024_primary,6236.563411419575,3506.2909103551324,0.8816264693110109,1.3700413098010145,1753.1454551775662,0.4872881355932203,7722.370628126048,1.3540974102248493,0.734816384180791,14441.257386527588,3.02263282219385,0.8237994350282486,18234.30988146424,4.180960738718341,0.9088983050847458,21654.169537581893,5.349778250572734,14026.445242988417,354,2832,0.881626469311011,0.7186973810382619,1.040791654836584,6236.563411419575,3506.2909103551324,0.8816264693110109,1.3700413098010145,1753.1454551775662,0.4872881355932203,7722.370628126048,1.3540974102248493,0.734816384180791,14441.257386527588,3.02263282219385,0.8237994350282486,18234.30988146424,4.180960738718341,0.9088983050847458,21654.169537581893,5.349778250572734,14026.445242988417,354,2832,0.881626469311011,0.7186973810382619,1.040791654836584
delay02,lgbm,raw,2023Q4_shift,8051.730280625707,4277.82552741821,0.8075207834784432,1.4065177998639644,2138.912763709105,0.3822674418604651,9468.123611395536,1.4607324910419508,0.7223837209302325,17107.26453680622,2.999226460985065,0.8488372093023255,20883.859600233485,3.8821063707444265,0.9026162790697676,24163.240488551222,4.971174778137498,16660.130696985045,86,688,0.8075207834784436,0.6148884162987928,1.0161888141971394,8051.730280625707,4277.82552741821,0.8075207834784432,1.4065177998639644,2138.912763709105,0.3822674418604651,9468.123611395536,1.4607324910419508,0.7223837209302325,17107.26453680622,2.999226460985065,0.8488372093023255,20883.859600233485,3.8821063707444265,0.9026162790697676,24163.240488551222,4.971174778137498,16660.130696985045,86,688,0.8075207834784436,0.6148884162987928,1.0161888141971394
delay02,lgbm,raw,2024_primary,5794.104251960784,3088.799526639624,0.7823432206818576,1.3147880052873877,1544.3997633198123,0.4597457627118644,7856.478658066284,1.39083875033691,0.7528248587570622,14978.6491738858,3.1657364206135705,0.8697033898305084,19036.06424690705,4.451743673719893,0.9272598870056498,24490.09965460809,5.933292578063616,13197.545432827375,354,2832,0.7823432206818576,0.6387369917004263,0.9268734265867348,5794.104251960784,3088.799526639624,0.7823432206818576,1.3147880052873877,1544.3997633198123,0.4597457627118644,7856.478658066284,1.39083875033691,0.7528248587570622,14978.6491738858,3.1657364206135705,0.8697033898305084,19036.06424690705,4.451743673719893,0.9272598870056498,24490.09965460809,5.933292578063616,13197.545432827375,354,2832,0.7823432206818576,0.6387369917004263,0.9268734265867348
delay07,lgbm,raw,2023Q4_shift,8189.985923156765,4438.959179389792,0.8442035831987561,1.4359053197751346,2219.479589694896,0.4127906976744186,9483.798311885328,1.5426264858274534,0.6758720930232558,15571.192018359749,2.717063912149294,0.8430232558139535,19444.29973905043,3.758563868953801,0.8997093023255814,23567.71912958663,4.924573029042736,16774.157685164457,86,688,0.8442035831987564,0.6415672751849322,1.055923859599047,8189.985923156765,4438.959179389792,0.8442035831987561,1.4359053197751346,2219.479589694896,0.4127906976744186,9483.798311885328,1.5426264858274534,0.6758720930232558,15571.192018359749,2.717063912149294,0.8430232558139535,19444.29973905043,3.758563868953801,0.8997093023255814,23567.71912958663,4.924573029042736,16774.157685164457,86,688,0.8442035831987564,0.6415672751849322,1.055923859599047
delay07,lgbm,raw,2024_primary,5838.032410364205,3204.768533492429,0.799724023897851,1.3185446446544058,1602.384266746215,0.4600988700564972,7992.137682387637,1.365570917477113,0.7337570621468926,13968.258432465758,2.9863899784998025,0.8619350282485876,17967.563447152632,4.22149392682328,0.9233757062146892,22757.1518419563,5.667349172669115,13476.508974206334,354,2832,0.799724023897851,0.6487134443635364,0.946770528977401,5838.032410364205,3204.768533492429,0.799724023897851,1.3185446446544058,1602.384266746215,0.4600988700564972,7992.137682387637,1.365570917477113,0.7337570621468926,13968.258432465758,2.9863899784998025,0.8619350282485876,17967.563447152632,4.22149392682328,0.9233757062146892,22757.1518419563,5.667349172669115,13476.508974206334,354,2832,0.799724023897851,0.6487134443635364,0.946770528977401
delay30,lgbm,raw,2023Q4_shift,8307.13857614148,4420.713520231957,0.8702580590105533,1.469772686955418,2210.3567601159784,0.3822674418604651,10026.31531247982,1.701502431206629,0.684593023255814,16455.004823997137,2.9982172217624665,0.7994186046511628,19586.76500332144,3.9818341976697007,0.877906976744186,24058.57587575816,5.458444851421264,16493.0663562229,86,688,0.8702580590105534,0.6748365753506916,1.0712530616693117,8307.13857614148,4420.713520231957,0.8702580590105533,1.469772686955418,2210.3567601159784,0.3822674418604651,10026.31531247982,1.701502431206629,0.684593023255814,16455.004823997137,2.9982172217624665,0.7994186046511628,19586.76500332144,3.9818341976697007,0.877906976744186,24058.57587575816,5.458444851421264,16493.0663562229,86,688,0.8702580590105534,0.6748365753506916,1.0712530616693117
delay30,lgbm,raw,2024_primary,5996.41970563982,3240.3964857388246,0.8080402872938512,1.342487004948963,1620.1982428694123,0.419138418079096,8895.741143158195,1.7150833190966428,0.7062146892655368,16015.224325340676,3.614083255946107,0.8463983050847458,20770.227814599493,5.392022705026413,0.9332627118644068,26064.542720642497,6.95991596884365,13226.982340846267,354,2832,0.8080402872938512,0.6682476934499564,0.9408099164044168,5996.41970563982,3240.3964857388246,0.8080402872938512,1.342487004948963,1620.1982428694123,0.419138418079096,8895.741143158195,1.7150833190966428,0.7062146892655368,16015.224325340676,3.614083255946107,0.8463983050847458,20770.227814599493,5.392022705026413,0.9332627118644068,26064.542720642497,6.95991596884365,13226.982340846267,354,2832,0.8080402872938512,0.6682476934499564,0.9408099164044168
delay60,lgbm,raw,2023Q4_shift,8111.279669942034,4458.380497870221,0.8922591847746667,1.4554174199322152,2229.1902489351105,0.3866279069767442,10105.996508696831,1.572745428250929,0.6366279069767442,17038.510676932077,2.95936811628958,0.7630813953488372,20175.467464485177,3.733375377454459,0.8531976744186046,24905.45097045503,5.1961943659489,16364.471000892738,86,688,0.8922591847746666,0.6790187997909656,1.0984134194310056,8111.279669942034,4458.380497870221,0.8922591847746667,1.4554174199322152,2229.1902489351105,0.3866279069767442,10105.996508696831,1.572745428250929,0.6366279069767442,17038.510676932077,2.95936811628958,0.7630813953488372,20175.467464485177,3.733375377454459,0.8531976744186046,24905.45097045503,5.1961943659489,16364.471000892738,86,688,0.8922591847746666,0.6790187997909656,1.0984134194310056
delay60,lgbm,raw,2024_primary,6027.779233690212,3309.3093462531137,0.8363084993245596,1.3538228915193002,1654.654673126557,0.4113700564971751,7738.280050176363,1.4269994852678944,0.693502824858757,14256.382128250238,2.984798011958193,0.8301553672316384,19022.008074705245,4.39476776103668,0.91454802259887,26569.12256210702,6.213353200005423,13500.245024530886,354,2832,0.8363084993245596,0.6848766734800557,0.983482564608406,6027.779233690212,3309.3093462531137,0.8363084993245596,1.3538228915193002,1654.654673126557,0.4113700564971751,7738.280050176363,1.4269994852678944,0.693502824858757,14256.382128250238,2.984798011958193,0.8301553672316384,19022.008074705245,4.39476776103668,0.91454802259887,26569.12256210702,6.213353200005423,13500.245024530886,354,2832,0.8363084993245596,0.6848766734800557,0.983482564608406
fixed_cohort,lgbm,raw,2023Q4_shift,7191.377450942614,3598.889698219947,0.7359247848483025,1.3104147818361351,1799.4448491099736,0.4011627906976744,9585.774129693023,1.5101837186456537,0.7122093023255814,15492.461847057471,2.6833617338106124,0.8343023255813954,19017.23005290077,3.606466803761028,0.8851744186046512,23235.605516382824,4.747505035154322,13451.66796319975,86,688,0.7359247848483025,0.577653435164137,0.9002212946202194,7191.377450942614,3598.889698219947,0.7359247848483025,1.3104147818361351,1799.4448491099736,0.4011627906976744,9585.774129693023,1.5101837186456537,0.7122093023255814,15492.461847057471,2.6833617338106124,0.8343023255813954,19017.23005290077,3.606466803761028,0.8851744186046512,23235.605516382824,4.747505035154322,13451.66796319975,86,688,0.7359247848483025,0.577653435164137,0.9002212946202194
fixed_cohort,lgbm,raw,2024_primary,4917.641667979113,2648.95300793408,0.7181236751438305,1.1718857291838274,1324.47650396704,0.4788135593220339,7992.721114968058,1.40553076941537,0.7387005649717514,14121.231659440697,2.9180693038034704,0.8714689265536724,18311.89532490651,4.228688331524439,0.9226694915254238,22658.689753165472,5.575499181086916,10792.743993489794,354,2832,0.7181236751438305,0.5810828400041411,0.8605568301047928,4917.641667979113,2648.95300793408,0.7181236751438305,1.1718857291838274,1324.47650396704,0.4788135593220339,7992.721114968058,1.40553076941537,0.7387005649717514,14121.231659440697,2.9180693038034704,0.8714689265536724,18311.89532490651,4.228688331524439,0.9226694915254238,22658.689753165472,5.575499181086916,10792.743993489794,354,2832,0.7181236751438305,0.5810828400041411,0.8605568301047928
forecast_proxy,lgbm,raw,2023Q4_shift,7200.760224317106,3552.7727955248733,0.7032113971598701,1.2988617708611276,1776.386397762437,0.3968023255813953,8072.690565397686,1.3947976484200495,0.686046511627907,14734.687433313107,2.751017360055747,0.8401162790697675,18650.662769801613,3.796546851503444,0.8953488372093024,21128.65461193156,4.67567236226367,13581.557847165664,86,688,0.7032113971598701,0.5564304504846718,0.8530212542769084,7200.760224317106,3552.7727955248733,0.7032113971598701,1.2988617708611276,1776.386397762437,0.3968023255813953,8072.690565397686,1.3947976484200495,0.686046511627907,14734.687433313107,2.751017360055747,0.8401162790697675,18650.662769801613,3.796546851503444,0.8953488372093024,21128.65461193156,4.67567236226367,13581.557847165664,86,688,0.7032113971598701,0.5564304504846718,0.8530212542769084
forecast_proxy,lgbm,raw,2024_primary,4924.106624634947,2645.354652178587,0.7150303836720129,1.194185185313191,1322.6773260892935,0.4392655367231638,7336.6364781556895,1.3410927615059536,0.7295197740112994,13310.767758846134,3.00629204751239,0.8746468926553672,17665.36873122151,4.329352842993863,0.9254943502824858,22194.710469960643,5.756756725193379,10932.166726358542,354,2832,0.715030383672013,0.5811260816698698,0.8503718275456179,4924.106624634947,2645.354652178587,0.7150303836720129,1.194185185313191,1322.6773260892935,0.4392655367231638,7336.6364781556895,1.3410927615059536,0.7295197740112994,13310.767758846134,3.00629204751239,0.8746468926553672,17665.36873122151,4.329352842993863,0.9254943502824858,22194.710469960643,5.756756725193379,10932.166726358542,354,2832,0.715030383672013,0.5811260816698698,0.8503718275456179
main,arx,adaptive,2023Q4_shift,8789.072181258069,4382.831934012143,1.0471306337967157,1.632520356964175,2191.415967006072,0.3909883720930232,7745.309872334089,2.646938502206729,0.7020348837209303,19810.036528125303,7.899147024613271,0.8619186046511628,29789.194090102697,11.793161006445851,0.9375,38155.072216117616,15.338400851074477,17875.2662438624,86,688,1.0471306337967157,0.920522457867942,1.2079330533623127,8789.072181258069,4382.831934012143,1.0471306337967157,1.632520356964175,2191.415967006072,0.3909883720930232,7745.309872334089,2.646938502206729,0.7020348837209303,19810.036528125303,7.899147024613271,0.8619186046511628,29789.194090102697,11.793161006445851,0.9375,38155.072216117616,15.338400851074477,17875.2662438624,86,688,1.0471306337967157,0.920522457867942,1.2079330533623127
main,arx,adaptive,2024_primary,6255.845782615668,3321.1805260297147,0.986684244417653,1.4845821364875271,1660.590263014857,0.5621468926553672,7683.013270014679,2.8547780422824967,0.8135593220338984,17381.214235908876,7.9543186167095,0.9018361581920904,26144.554446830403,11.670012522480796,0.9509180790960452,33519.04199898917,14.00881696529428,14030.155184180454,354,2832,0.9866842444176528,0.8833766242228245,1.080848732625148,6255.845782615668,3321.1805260297147,0.986684244417653,1.4845821364875271,1660.590263014857,0.5621468926553672,7683.013270014679,2.8547780422824967,0.8135593220338984,17381.214235908876,7.9543186167095,0.9018361581920904,26144.554446830403,11.670012522480796,0.9509180790960452,33519.04199898917,14.00881696529428,14030.155184180454,354,2832,0.9866842444176528,0.8833766242228245,1.080848732625148
main,arx,raw,2023Q4_shift,8789.07218125807,5238.067728115872,1.151615112898124,1.632520356964175,2619.033864057936,0.3066860465116279,4879.266809607397,2.2220630410247586,0.4781976744186046,13636.210345444064,7.0910849157262845,0.5886627906976745,21883.924218560467,10.786774479224505,0.6729651162790697,27053.345063982342,12.725441325835527,17875.2662438624,86,688,1.1516151128981238,0.9982084076982616,1.3449881901331198,8789.07218125807,5238.067728115872,1.151615112898124,1.632520356964175,2619.033864057936,0.3066860465116279,4879.266809607397,2.2220630410247586,0.4781976744186046,13636.210345444064,7.0910849157262845,0.5886627906976745,21883.924218560467,10.786774479224505,0.6729651162790697,27053.345063982342,12.725441325835527,17875.2662438624,86,688,1.1516151128981238,0.9982084076982616,1.3449881901331198
main,arx,raw,2024_primary,6255.845782615668,3672.089700335813,1.0604468082441922,1.4845821364875271,1836.0448501679064,0.3174435028248588,4425.976814985755,2.181554718663935,0.5434322033898306,12867.06189416991,7.036126583476127,0.6412429378531074,20972.002513265605,10.724636756513858,0.7146892655367232,26103.42651787476,12.666306794962493,14030.155184180452,354,2832,1.060446808244192,0.9470794171280223,1.1613146590029746,6255.845782615668,3672.089700335813,1.0604468082441922,1.4845821364875271,1836.0448501679064,0.3174435028248588,4425.976814985755,2.181554718663935,0.5434322033898306,12867.06189416991,7.036126583476127,0.6412429378531074,20972.002513265605,10.724636756513858,0.7146892655367232,26103.42651787476,12.666306794962493,14030.155184180452,354,2832,1.060446808244192,0.9470794171280223,1.1613146590029746
main,arx,rolling,2023Q4_shift,8789.072181258069,4427.797042291053,1.0540065470379711,1.632520356964175,2213.898521145527,0.3720930232558139,7130.678104234616,2.558820147037992,0.6642441860465116,18861.56955644856,7.769729004384872,0.8502906976744186,29124.56101661172,11.696179870110402,0.931686046511628,37853.87575169224,15.278816373595792,17875.2662438624,86,688,1.0540065470379711,0.925866090468508,1.2176901162688556,8789.072181258069,4427.797042291053,1.0540065470379711,1.632520356964175,2213.898521145527,0.3720930232558139,7130.678104234616,2.558820147037992,0.6642441860465116,18861.56955644856,7.769729004384872,0.8502906976744186,29124.56101661172,11.696179870110402,0.931686046511628,37853.87575169224,15.278816373595792,17875.2662438624,86,688,1.0540065470379711,0.925866090468508,1.2176901162688556
main,arx,rolling,2024_primary,6255.845782615668,3326.165355360421,0.9858961607295024,1.4845821364875271,1663.0826776802105,0.5271892655367232,7060.516037122462,2.757230522996977,0.8054378531073446,17228.97881332042,7.837453947953005,0.9014830508474576,25874.797788993543,11.624486408270922,0.9519774011299436,33932.30216037365,13.96950967362931,14030.155184180454,354,2832,0.9858961607295024,0.8824432223615566,1.0811816214763483,6255.845782615668,3326.165355360421,0.9858961607295024,1.4845821364875271,1663.0826776802105,0.5271892655367232,7060.516037122462,2.757230522996977,0.8054378531073446,17228.97881332042,7.837453947953005,0.9014830508474576,25874.797788993543,11.624486408270922,0.9519774011299436,33932.30216037365,13.96950967362931,14030.155184180454,354,2832,0.9858961607295024,0.8824432223615566,1.0811816214763483
main,arx,static,2023Q4_shift,8789.072181258069,4743.963251154938,1.102478822750973,1.632520356964175,2371.98162557747,0.3473837209302325,5560.990955147382,2.4340453483651605,0.5944767441860465,15481.256109135267,7.42583805198997,0.7674418604651163,25434.12009744856,11.290209972149835,0.877906976744186,35890.040220937684,16.85539398409608,17875.2662438624,86,688,1.102478822750973,0.9617826109712768,1.2790035056221027,8789.072181258069,4743.963251154938,1.102478822750973,1.632520356964175,2371.98162557747,0.3473837209302325,5560.990955147382,2.4340453483651605,0.5944767441860465,15481.256109135267,7.42583805198997,0.7674418604651163,25434.12009744856,11.290209972149835,0.877906976744186,35890.040220937684,16.85539398409608,17875.2662438624,86,688,1.102478822750973,0.9617826109712768,1.2790035056221027
main,arx,static,2024_primary,6255.845782615668,3408.5213395287765,1.0192106247111403,1.4845821364875271,1704.2606697643885,0.3827683615819209,5023.946134149191,2.404169329290179,0.658545197740113,14581.289235171822,7.379800120454372,0.8022598870056498,24386.392468588685,11.241684636836066,0.917725988700565,34857.41269586023,16.812581990583812,14030.155184180454,354,2832,1.0192106247111403,0.9125367624823604,1.1128469549402509,6255.845782615668,3408.5213395287765,1.0192106247111403,1.4845821364875271,1704.2606697643885,0.3827683615819209,5023.946134149191,2.404169329290179,0.658545197740113,14581.289235171822,7.379800120454372,0.8022598870056498,24386.392468588685,11.241684636836066,0.917725988700565,34857.41269586023,16.812581990583812,14030.155184180454,354,2832,1.0192106247111403,0.9125367624823604,1.1128469549402509
main,gru,adaptive,2023Q4_shift,7510.426087577708,3916.951921293543,0.7604771239758704,1.3661951940882515,1958.4759606467717,0.5319767441860465,8911.126750852984,1.3712573338649396,0.815406976744186,18116.876686948726,3.678998667549464,0.8938953488372093,28466.532917155742,6.226379796211068,0.9287790697674418,38975.20834683236,10.044036217695798,16489.21550123461,86,688,0.7604771239758706,0.5870017136982101,0.9410115013335112,7850.858740888448,4233.341969054554,0.7991871168591996,1.404434714338724,2116.670984527277,0.5944767441860465,7713.861256281496,1.1664399317625218,0.8313953488372093,16524.599002492767,3.3234716419814543,0.9098837209302324,26042.641790729405,5.540556693756152,0.9447674418604652,35910.54704076275,9.17676424204064,16806.399223694414,86,688,0.7991871168591996,0.6038773152633714,1.0245673773769477
main,gru,adaptive,2024_primary,5939.848409598113,3151.741552302489,0.8238225778460093,1.3534713619878551,1575.8707761512444,0.5254237288135594,6867.8179236240185,1.2240544643858655,0.7997881355932204,14417.93593007657,3.204773696270354,0.8908898305084746,22603.275069581472,5.226335862776438,0.9456214689265536,33925.59475441846,8.294370185472237,14049.935934661456,354,2832,0.8238225778460093,0.6731322537256837,0.987867214404472,6198.010585269267,3331.74589935358,0.8493825334824241,1.3972094331426492,1665.87294967679,0.609816384180791,7206.175130535748,1.338013735889844,0.8358050847457628,13543.351532781207,2.996017955892063,0.9092514124293786,21168.997914004573,4.926313148148605,0.9576271186440678,31409.86753866853,7.952872409930193,14094.729293198883,354,2832,0.8493825334824241,0.6966804893505829,1.012428811982336
main,gru,raw,2023Q4_shift,7510.426087577708,3981.2287805150486,0.7941788881653756,1.3661951940882515,1990.6143902575247,0.3502906976744186,8686.028756187847,1.3157602670477215,0.5203488372093024,16653.04542070983,2.6957805542825324,0.5784883720930233,24005.55063144504,4.044891840237681,0.6308139534883721,33345.01298555553,5.8014107793824445,16489.21550123461,86,688,0.7941788881653756,0.5871174486669056,0.993999999156528,7850.85874088845,4435.563449918426,0.8624527776756119,1.404434714338724,2217.781724959213,0.5552325581395349,7345.930324241893,1.075536401133393,0.7747093023255814,13897.920875177724,2.207448102626452,0.8633720930232558,19327.98150221676,3.2483014426975045,0.9011627906976744,24998.32815309409,4.357256023030258,16806.399223694414,86,688,0.8624527776756119,0.6207018832762905,1.1176858670674892
main,gru,raw,2024_primary,5939.848409598112,3173.149235733329,0.8441470878395028,1.3534713619878551,1586.5746178666648,0.3622881355932203,6632.36094638153,1.170144109688181,0.5430790960451978,13632.381451529916,2.494998865730641,0.6115819209039548,20457.79812663948,3.832669392868438,0.6550141242937854,29303.10977894134,5.584557010730643,14049.935934661456,354,2832,0.844147087839503,0.6704785116554531,1.0292585742925655,6198.010585269267,3461.8056383883018,0.884691007318944,1.3972094331426492,1730.9028191941509,0.5586158192090396,6261.694382280514,1.2041765900765784,0.7863700564971752,12023.969944123468,2.41618010291027,0.861228813559322,16882.51958607953,3.5042867276236027,0.9092514124293786,21868.03864209636,4.6384607510974485,14094.729293198883,354,2832,0.884691007318944,0.7107419759955883,1.0642105973990148
main,gru,rolling,2023Q4_shift,7510.426087577708,3905.055523523666,0.7620020013442655,1.3661951940882515,1952.5277617618333,0.5174418604651163,8870.511622858574,1.3621143906232849,0.811046511627907,17821.555577282375,3.726440757480786,0.8822674418604651,28152.80007786212,6.473491784645201,0.9186046511627908,38736.875766985606,10.044293995732453,16489.21550123461,86,688,0.7620020013442654,0.5903587500783809,0.9425089726329536,7850.858740888448,4230.0261210377175,0.8020965260924986,1.404434714338724,2115.013060518859,0.5857558139534884,7587.962215322671,1.129386419717948,0.8328488372093024,16061.020516181943,3.343806330795436,0.9142441860465116,25426.960255645103,5.8333507922200445,0.9447674418604652,35424.92457939721,9.154469220978893,16806.399223694414,86,688,0.8020965260924986,0.6059271109329148,1.0311377289122337
main,gru,rolling,2024_primary,5939.848409598113,3149.274840989892,0.8252322951645554,1.3534713619878551,1574.6374204949457,0.4971751412429379,6784.991701098669,1.2044409853779574,0.7838983050847458,14226.978927130858,3.0023630188664305,0.8679378531073446,21900.795779618733,4.981264795728006,0.9265536723163842,33082.06378432307,8.332950136570942,14049.935934661456,354,2832,0.8252322951645555,0.6701039490902218,0.9915505176070216,6198.010585269267,3327.227731383749,0.8465901299862986,1.3972094331426492,1663.6138656918747,0.5988700564971752,6963.616358203292,1.3004748926579786,0.8358050847457628,13528.402578863364,3.0468865985350755,0.911723163841808,21156.326718249667,4.98530274714805,0.9586864406779662,31666.72087074776,8.212233671298833,14094.729293198883,354,2832,0.8465901299862983,0.693903373868059,1.0096391307190546
main,gru,static,2023Q4_shift,7510.426087577708,3896.921766524949,0.8140807671544217,1.3661951940882515,1948.4608832624745,0.5261627906976745,8887.343650257752,1.3757021037572958,0.7645348837209303,18167.93903482864,5.146642374902035,0.8313953488372093,28469.51918691561,7.867992064330682,0.8604651162790697,39818.733807720026,13.497705695027712,16489.21550123461,86,688,0.8140807671544217,0.6525177531311246,0.9918505669205008,7850.858740888448,4226.586854911927,0.8439029107584964,1.404434714338724,2113.2934274559634,0.5625,7347.831368133799,1.082793534103466,0.8313953488372093,15695.309061402677,4.444859871309442,0.9156976744186046,24990.361070627227,6.86990070647053,0.940406976744186,36510.67360833031,12.351907855420365,16806.399223694414,86,688,0.8439029107584964,0.653199142902949,1.072853812142735
main,gru,static,2024_primary,5939.848409598113,3133.02720294806,0.8802257432910849,1.3534713619878551,1566.51360147403,0.5434322033898306,6841.673255226322,1.2340793108901755,0.8350988700564972,15139.541262700544,4.944394095685982,0.9134887005649718,24916.022329265543,7.654998069460077,0.9413841807909604,35773.21774329533,13.280381958325435,14049.935934661456,354,2832,0.8802257432910849,0.7234749291255235,1.0456897145614916,6198.010585269267,3310.1122654200385,0.9035538236222492,1.3972094331426492,1655.0561327100193,0.565677966101695,6264.196109025743,1.213726797582153,0.830861581920904,13848.08490037875,4.658583137333268,0.9152542372881356,22579.78904423839,7.128904840889319,0.9477401129943502,33396.52736489609,12.634306092549489,14094.729293198883,354,2832,0.9035538236222492,0.7460073423864517,1.0650171369774406
main,lgbm,adaptive,2023Q4_shift,8227.351527057392,4103.301448338965,0.7799535661685474,1.440933214282902,2051.6507241694826,0.4055232558139535,10274.808424558045,1.629980087722356,0.7979651162790697,17725.850492286685,3.6714298493897695,0.9186046511627908,28550.1608278894,6.306825234749751,0.9593023255813954,37624.36573637085,9.940200020628952,16790.52890624503,86,688,0.7799535661685474,0.630392295260351,0.9446087828617016,8227.351527057392,4103.301448338965,0.7799535661685474,1.440933214282902,2051.6507241694826,0.4055232558139535,10274.808424558045,1.629980087722356,0.7979651162790697,17725.850492286685,3.6714298493897695,0.9186046511627908,28550.1608278894,6.306825234749751,0.9593023255813954,37624.36573637085,9.940200020628952,16790.52890624503,86,688,0.7799535661685474,0.630392295260351,0.9446087828617016
main,lgbm,adaptive,2024_primary,5836.106994455684,3106.9167800423725,0.7794649170251152,1.3168432346513634,1553.4583900211862,0.5628531073446328,9169.84102748979,1.550032834909128,0.8103813559322034,15032.396846468197,3.223512066566677,0.91454802259887,20912.00970518939,5.111768281569176,0.96045197740113,30527.9176539374,7.819555869925481,13524.951243547725,354,2832,0.7794649170251152,0.6390756864016895,0.9240163539845936,5836.106994455684,3106.9167800423725,0.7794649170251152,1.3168432346513634,1553.4583900211862,0.5628531073446328,9169.84102748979,1.550032834909128,0.8103813559322034,15032.396846468197,3.223512066566677,0.91454802259887,20912.00970518939,5.111768281569176,0.96045197740113,30527.9176539374,7.819555869925481,13524.951243547725,354,2832,0.7794649170251152,0.6390756864016895,0.9240163539845936
main,lgbm,raw,2023Q4_shift,8227.351527057393,4424.601654081218,0.840599277578329,1.4409332142829023,2212.300827040609,0.3255813953488372,9296.31708350673,1.503719328143621,0.6540697674418605,15586.74523878174,2.751901639784346,0.8125,19500.972827484264,3.7421167915224554,0.8866279069767442,23661.533322541367,4.967355725406963,16790.52890624503,86,688,0.8405992775783286,0.6389585554800362,1.054133432272397,8227.351527057393,4424.601654081218,0.840599277578329,1.4409332142829023,2212.300827040609,0.3255813953488372,9296.31708350673,1.503719328143621,0.6540697674418605,15586.74523878174,2.751901639784346,0.8125,19500.972827484264,3.7421167915224554,0.8866279069767442,23661.533322541367,4.967355725406963,16790.52890624503,86,688,0.8405992775783286,0.6389585554800362,1.054133432272397
main,lgbm,raw,2024_primary,5836.106994455684,3195.386385390457,0.7951510750900266,1.3168432346513634,1597.6931926952284,0.3891242937853107,8104.8120843247825,1.409369024307538,0.6747881355932204,14197.074199809573,3.0257702093172254,0.832274011299435,18314.4696881852,4.321991029724989,0.9166666666666666,22925.96501886552,5.697980961532349,13524.951243547725,354,2832,0.7951510750900264,0.6444895911484388,0.9416954811905536,5836.106994455684,3195.386385390457,0.7951510750900266,1.3168432346513634,1597.6931926952284,0.3891242937853107,8104.8120843247825,1.409369024307538,0.6747881355932204,14197.074199809573,3.0257702093172254,0.832274011299435,18314.4696881852,4.321991029724989,0.9166666666666666,22925.96501886552,5.697980961532349,13524.951243547725,354,2832,0.7951510750900264,0.6444895911484388,0.9416954811905536
main,lgbm,rolling,2023Q4_shift,8227.351527057392,4109.521509572349,0.785223021195658,1.440933214282902,2054.760754786175,0.3982558139534883,10063.068288201444,1.5979039493536598,0.7863372093023255,17206.906115815473,3.6787154384196894,0.9200581395348836,27864.17928460468,6.548200110299092,0.9549418604651164,35631.78818524526,9.707971370776868,16790.52890624503,86,688,0.7852230211956579,0.6342691026306049,0.9547023477783866,8227.351527057392,4109.521509572349,0.785223021195658,1.440933214282902,2054.760754786175,0.3982558139534883,10063.068288201444,1.5979039493536598,0.7863372093023255,17206.906115815473,3.6787154384196894,0.9200581395348836,27864.17928460468,6.548200110299092,0.9549418604651164,35631.78818524526,9.707971370776868,16790.52890624503,86,688,0.7852230211956579,0.6342691026306049,0.9547023477783866
main,lgbm,rolling,2024_primary,5836.106994455684,3106.195975447024,0.7766950551559885,1.3168432346513634,1553.0979877235118,0.5413135593220338,9007.684887141855,1.525484058297593,0.8192090395480226,15058.549349504989,3.3201216755900287,0.9180790960451978,20898.31385361365,5.245498620819335,0.9615112994350282,30153.345673462158,8.03991517832149,13524.951243547725,354,2832,0.7766950551559887,0.6384747976317511,0.9186042539892854,5836.106994455684,3106.195975447024,0.7766950551559885,1.3168432346513634,1553.0979877235118,0.5413135593220338,9007.684887141855,1.525484058297593,0.8192090395480226,15058.549349504989,3.3201216755900287,0.9180790960451978,20898.31385361365,5.245498620819335,0.9615112994350282,30153.345673462158,8.03991517832149,13524.951243547725,354,2832,0.7766950551559887,0.6384747976317511,0.9186042539892854
main,lgbm,static,2023Q4_shift,8227.351527057392,4150.486395404336,0.8357799308153888,1.440933214282902,2075.2431977021683,0.3997093023255814,9711.119478781382,1.5584266710653176,0.7819767441860465,16904.057877761454,4.78324259460248,0.9171511627906976,25774.255444656374,7.387234250051021,0.9447674418604652,33004.21692815435,12.30477991948152,16790.52890624503,86,688,0.8357799308153885,0.6821808047766695,1.0141402660063188,8227.351527057392,4150.486395404336,0.8357799308153888,1.440933214282902,2075.2431977021683,0.3997093023255814,9711.119478781382,1.5584266710653176,0.7819767441860465,16904.057877761454,4.78324259460248,0.9171511627906976,25774.255444656374,7.387234250051021,0.9447674418604652,33004.21692815435,12.30477991948152,16790.52890624503,86,688,0.8357799308153885,0.6821808047766695,1.0141402660063188
main,lgbm,static,2024_primary,5836.106994455684,3093.05442576948,0.8251010315329695,1.3168432346513634,1546.5272128847405,0.510593220338983,8493.29671115386,1.4593018420364918,0.8266242937853108,15478.302412873012,5.050916915206587,0.9442090395480226,24587.291406794608,7.967122980322991,0.9682203389830508,32268.61562667782,13.03541389293284,13524.951243547725,354,2832,0.8251010315329695,0.6927362325100341,0.9543051961607882,5836.106994455684,3093.05442576948,0.8251010315329695,1.3168432346513634,1546.5272128847405,0.510593220338983,8493.29671115386,1.4593018420364918,0.8266242937853108,15478.302412873012,5.050916915206587,0.9442090395480226,24587.291406794608,7.967122980322991,0.9682203389830508,32268.61562667782,13.03541389293284,13524.951243547725,354,2832,0.8251010315329695,0.6927362325100341,0.9543051961607882
main,seasonal,adaptive,2023Q4_shift,7733.141904069768,4321.814538422562,0.8353780959135512,1.4597667322426793,2160.907269211281,0.6119186046511628,8812.15038880814,2.012741838274195,0.8284883720930233,19278.495425872094,4.34666173779156,0.8968023255813954,31143.9131991279,6.931979356918456,0.940406976744186,40251.462978561045,9.970926983095843,17415.49204643687,86,688,0.8353780959135512,0.6526943893655726,1.026185696993396,7733.141904069768,4321.814538422562,0.8353780959135512,1.4597667322426793,2160.907269211281,0.6119186046511628,8812.15038880814,2.012741838274195,0.8284883720930233,19278.495425872094,4.34666173779156,0.8968023255813954,31143.9131991279,6.931979356918456,0.940406976744186,40251.462978561045,9.970926983095843,17415.49204643687,86,688,0.8353780959135512,0.6526943893655726,1.026185696993396
main,seasonal,adaptive,2024_primary,6040.462980225989,3382.4374435302884,0.8608945849481315,1.3643015255531628,1691.2187217651444,0.5794491525423728,7697.756400070622,1.6727957694905646,0.8054378531073446,15920.231341807908,3.8007609272532537,0.9004237288135594,23539.253422139824,6.104598481475303,0.9484463276836158,34887.108707980224,9.35951322238851,14258.850567185016,354,2832,0.8608945849481315,0.7192285513280504,1.019326526992566,6040.462980225989,3382.4374435302884,0.8608945849481315,1.3643015255531628,1691.2187217651444,0.5794491525423728,7697.756400070622,1.6727957694905646,0.8054378531073446,15920.231341807908,3.8007609272532537,0.9004237288135594,23539.253422139824,6.104598481475303,0.9484463276836158,34887.108707980224,9.35951322238851,14258.850567185016,354,2832,0.8608945849481315,0.7192285513280504,1.019326526992566
main,seasonal,raw,2023Q4_shift,7733.141904069768,4607.668598066053,0.86999990087172,1.4597667322426795,2303.8342990330266,0.565406976744186,8399.55933866279,1.9510849743420324,0.7412790697674418,16985.427329941864,4.002835805710051,0.8081395348837209,22330.575925872083,5.633680727148266,0.8299418604651163,25250.32233793604,6.544032088419704,17415.492046436866,86,688,0.8699999008717199,0.6535592059015618,1.1034585803372756,7733.141904069768,4607.668598066053,0.86999990087172,1.4597667322426795,2303.8342990330266,0.565406976744186,8399.55933866279,1.9510849743420324,0.7412790697674418,16985.427329941864,4.002835805710051,0.8081395348837209,22330.575925872083,5.633680727148266,0.8299418604651163,25250.32233793604,6.544032088419704,17415.492046436866,86,688,0.8699999008717199,0.6535592059015618,1.1034585803372756
main,seasonal,raw,2024_primary,6040.462980225989,3502.7521879462884,0.8738886292581082,1.3643015255531623,1751.3760939731442,0.5261299435028248,7136.356054908192,1.583459325992705,0.7263418079096046,14572.932535310736,3.514833813923811,0.8259180790960452,19834.253304731632,4.916140929480783,0.846045197740113,22732.838176024008,5.687932670025961,14258.850567185018,354,2832,0.8738886292581082,0.7187641546812988,1.0383083384443468,6040.462980225989,3502.7521879462884,0.8738886292581082,1.3643015255531623,1751.3760939731442,0.5261299435028248,7136.356054908192,1.583459325992705,0.7263418079096046,14572.932535310736,3.514833813923811,0.8259180790960452,19834.253304731632,4.916140929480783,0.846045197740113,22732.838176024008,5.687932670025961,14258.850567185018,354,2832,0.8738886292581082,0.7187641546812988,1.0383083384443468
main,seasonal,rolling,2023Q4_shift,7733.141904069768,4322.843994393976,0.8362206609276691,1.4597667322426793,2161.4219971969883,0.5973837209302325,8712.774000726744,1.9976438548789923,0.8241279069767442,18506.52481540697,4.255617159833103,0.8924418604651163,30045.6223619186,6.813473856257609,0.9302325581395348,38050.43911155524,9.610935088544444,17415.49204643687,86,688,0.8362206609276689,0.6497097049915002,1.0300510923461386,7733.141904069768,4322.843994393976,0.8362206609276691,1.4597667322426793,2161.4219971969883,0.5973837209302325,8712.774000726744,1.9976438548789923,0.8241279069767442,18506.52481540697,4.255617159833103,0.8924418604651163,30045.6223619186,6.813473856257609,0.9302325581395348,38050.43911155524,9.610935088544444,17415.49204643687,86,688,0.8362206609276689,0.6497097049915002,1.0300510923461386
main,seasonal,rolling,2024_primary,6040.462980225989,3385.123864064462,0.8591107015832565,1.3643015255531628,1692.561932032231,0.565677966101695,7555.733149717515,1.6491598005672183,0.8086158192090396,15717.841899364408,3.7309593186444623,0.8972457627118644,23113.8272644774,5.886781115699092,0.9413841807909604,33146.41555914548,8.6116836616577,14258.850567185016,354,2832,0.8591107015832566,0.7152436282667624,1.0189195659944734,6040.462980225989,3385.123864064462,0.8591107015832565,1.3643015255531628,1692.561932032231,0.565677966101695,7555.733149717515,1.6491598005672183,0.8086158192090396,15717.841899364408,3.7309593186444623,0.8972457627118644,23113.8272644774,5.886781115699092,0.9413841807909604,33146.41555914548,8.6116836616577,14258.850567185016,354,2832,0.8591107015832566,0.7152436282667624,1.0189195659944734
main,seasonal,static,2023Q4_shift,7733.141904069768,4431.49241546552,0.8688399167035509,1.4597667322426793,2215.74620773276,0.5683139534883721,8438.206504360465,1.954641810096135,0.7761627906976745,17227.680578488376,4.048387899920465,0.876453488372093,24549.042718749995,6.3790541208518325,0.9113372093023256,33193.40229396802,10.868908579542198,17415.49204643687,86,688,0.868839916703551,0.6675446618660755,1.0840758887614494,7733.141904069768,4431.49241546552,0.8688399167035509,1.4597667322426793,2215.74620773276,0.5683139534883721,8438.206504360465,1.954641810096135,0.7761627906976745,17227.680578488376,4.048387899920465,0.876453488372093,24549.042718749995,6.3790541208518325,0.9113372093023256,33193.40229396802,10.868908579542198,17415.49204643687,86,688,0.868839916703551,0.6675446618660755,1.0840758887614494
main,seasonal,static,2024_primary,6040.462980225989,3397.69368459324,0.8626757749901744,1.3643015255531628,1698.8468422966205,0.5317796610169492,7176.705918079096,1.5872125345491166,0.7853107344632768,14802.705329096048,3.557116446502321,0.8968926553672316,22031.35662482344,5.655698241186268,0.9371468926553672,30660.55067699505,10.007763707778182,14258.850567185016,354,2832,0.8626757749901744,0.7185194025006448,1.0177855802835758,6040.462980225989,3397.69368459324,0.8626757749901744,1.3643015255531628,1698.8468422966205,0.5317796610169492,7176.705918079096,1.5872125345491166,0.7853107344632768,14802.705329096048,3.557116446502321,0.8968926553672316,22031.35662482344,5.655698241186268,0.9371468926553672,30660.55067699505,10.007763707778182,14258.850567185016,354,2832,0.8626757749901744,0.7185194025006448,1.0177855802835758
main,transformer,adaptive,2023Q4_shift,7887.916828330265,4225.4864312241725,0.7960481240804701,1.400740452496111,2112.7432156120863,0.3924418604651162,8567.509097863287,1.2340260354378616,0.7325581395348837,18017.93474578744,3.619323001600884,0.8604651162790697,28959.93415214044,6.426926696771412,0.9244186046511628,36386.11598515573,10.087754150106138,16808.243279091876,86,688,0.7960481240804701,0.6054407720121254,0.9864170581124294,7844.171418506434,4094.082261771607,0.7817310999197901,1.398456537469921,2047.041130885804,0.5566860465116279,8177.460219796439,1.2125636459631632,0.8444767441860465,17775.76412629739,3.6190104899300968,0.9229651162790696,29938.959082847043,6.319630302584071,0.9636627906976744,37797.08243476335,9.676416366574689,16730.980705270955,86,688,0.7817310999197901,0.6152678115578779,0.9611877879578056
main,transformer,adaptive,2024_primary,5953.446925867691,3157.790286387008,0.820356128107334,1.339540569464937,1578.8951431935038,0.5278954802259888,7898.713038464436,1.2827852624851657,0.7948446327683616,14484.08261388476,3.337866168363405,0.8940677966101694,21753.85766035945,5.583186572836305,0.9470338983050848,31707.04984758629,9.26059953777864,13618.845015009376,354,2832,0.8203561281073342,0.6759939781987263,0.9761828885176096,5848.66606833602,3168.9821905120443,0.7998212992920807,1.3461878315463158,1584.4910952560222,0.5896892655367232,6768.83756762918,1.3268585980293577,0.8305084745762712,13065.91183398965,3.0597507311662606,0.9180790960451978,19864.55652774591,5.328586421610662,0.9562146892655368,29802.64537101584,7.981871131847,13755.823645193395,354,2832,0.7998212992920807,0.6583517663149852,0.9477519589975608
main,transformer,raw,2023Q4_shift,7887.916828330265,4493.3667742284815,0.8404468432352328,1.4007404524961111,2246.6833871142408,0.2558139534883721,8032.196250464759,1.1614515650976258,0.4375,14389.241340299524,2.483172797512563,0.5334302325581395,19646.71756141938,3.897265027940158,0.5813953488372093,25637.40442746337,5.612016036849433,16808.243279091876,86,688,0.8404468432352329,0.6081274467309412,1.0700092651051096,7844.171418506433,4473.016616449733,0.8655176617974213,1.398456537469921,2236.5083082248675,0.4898255813953488,7411.784357102076,1.0642439870929137,0.7340116279069767,14074.754076086158,2.298107233374361,0.8343023255813954,19228.852456484357,3.682682364932884,0.8793604651162791,24472.33984396402,5.233677756830194,16730.980705270955,86,688,0.865517661797421,0.6342326112770024,1.0989450700199603
main,transformer,raw,2024_primary,5953.446925867691,3234.7919040825423,0.8476816929205796,1.339540569464937,1617.3959520412711,0.3237994350282486,6984.409335084161,1.1040836365865407,0.5084745762711864,13128.151852260207,2.478489418597948,0.5896892655367232,18859.500581757115,4.009997000135503,0.6317090395480226,25677.88565880181,5.894255325423333,13618.845015009376,354,2832,0.8476816929205795,0.6755353438757749,1.0282339019458029,5848.66606833602,3254.2900683631,0.8161075378945603,1.346187831546316,1627.14503418155,0.5384887005649718,6008.074405579047,1.202733335750788,0.8026129943502824,11809.98884261006,2.8213197612977274,0.8848870056497176,16489.884886610726,4.466180106006119,0.9254943502824858,21238.640455039076,6.1920701304153525,13755.823645193395,354,2832,0.8161075378945603,0.6647566721204986,0.9677158526205314
main,transformer,rolling,2023Q4_shift,7887.916828330265,4233.855387778668,0.8015784299846197,1.400740452496111,2116.9276938893345,0.3677325581395348,8351.435547261919,1.2067187010875278,0.6991279069767442,16715.25682238282,3.5323207928033606,0.8183139534883721,28114.96757213796,6.605547606182326,0.8866279069767442,34996.19469790997,9.79208165473666,16808.243279091876,86,688,0.8015784299846195,0.6086575168787814,0.9971463442395582,7844.171418506434,4089.39444404463,0.7849407973864998,1.398456537469921,2044.6972220223156,0.5348837209302325,7972.832883115951,1.1611832065114804,0.8386627906976745,16904.02981649173,3.564656430700503,0.9229651162790696,29272.674493267656,6.520189475008744,0.9622093023255814,37373.88342561589,9.662074432149211,16730.980705270955,86,688,0.7849407973864997,0.6182281342748609,0.9669294288831
main,transformer,rolling,2024_primary,5953.446925867691,3172.5576271499417,0.828207940668006,1.339540569464937,1586.2788135749709,0.495409604519774,7689.509098631114,1.219780054116556,0.7828389830508474,14274.320385341864,3.040537418891212,0.8838276836158192,21228.838235029576,5.135178729529468,0.9424435028248588,32437.09605269128,8.665596399511442,13618.845015009376,354,2832,0.828207940668006,0.6749535239845715,0.9919073324908086,5848.66606833602,3171.7529922174745,0.8034635100092418,1.3461878315463158,1585.8764961087372,0.5826271186440678,6597.782903196205,1.297483511755353,0.8343926553672316,13024.235312937417,3.2760254420604333,0.919138418079096,19633.00933945135,5.416710012635712,0.9600988700564972,30198.964351819464,8.25105417418664,13755.823645193395,354,2832,0.8034635100092418,0.6634290342584327,0.9489778657818476
main,transformer,static,2023Q4_shift,7887.916828330265,4310.925900903866,0.8633557597844189,1.400740452496111,2155.462950451933,0.3386627906976744,8130.281359021696,1.1799338234497578,0.5741279069767442,15249.271804101678,4.630207368553684,0.7281976744186046,24418.709760305657,7.393280816876789,0.7994186046511628,33514.02335399817,12.85275197256591,16808.243279091876,86,688,0.8633557597844187,0.6652972490719544,1.0772429799705605,7844.171418506434,4109.331881007717,0.8188826187735271,1.398456537469921,2054.6659405038586,0.5072674418604651,7520.814572124669,1.0884997024385796,0.8386627906976745,16399.237101018774,4.166848561515167,0.9229651162790696,27502.758415424065,7.3467043883592416,0.9665697674418604,38678.14878919735,12.512023465883145,16730.980705270955,86,688,0.818882618773527,0.6520643862445179,1.003173702477509
main,transformer,static,2024_primary,5953.446925867691,3182.8231847386223,0.8863199338931608,1.339540569464937,1591.4115923693112,0.4788135593220339,7073.462273547608,1.1208993415040047,0.7432909604519774,13965.100099591033,4.623112492194545,0.882768361581921,23536.4944075896,7.496464717673068,0.9180790960451978,33490.270051238775,13.128565656645028,13618.845015009376,354,2832,0.8863199338931609,0.7280604852040544,1.051009414071188,5848.66606833602,3109.145788362431,0.8399247960147312,1.3461878315463158,1554.572894181216,0.5625,6114.24012838584,1.227181505126307,0.8559322033898306,14050.01945756202,4.6772279880473455,0.9449152542372882,24701.77846529721,8.123816647649909,0.971045197740113,35401.85233833292,13.466045347218202,13755.823645193395,354,2832,0.8399247960147312,0.7082415775763061,0.971997394300761
no_target_history,lgbm,raw,2023Q4_shift,8058.814392401563,4574.199569969991,0.8907091146944757,1.463568339237043,2287.0997849849955,0.4345930232558139,8332.267284763653,1.3719066392476875,0.7151162790697675,14452.961376007685,2.757546171819143,0.7994186046511628,18691.992706121702,3.841454452738468,0.8880813953488372,24262.778046209874,5.25437252459058,16857.343081349973,86,688,0.8907091146944754,0.6593788481125142,1.1240358814279752,8058.814392401563,4574.199569969991,0.8907091146944757,1.463568339237043,2287.0997849849955,0.4345930232558139,8332.267284763653,1.3719066392476875,0.7151162790697675,14452.961376007685,2.757546171819143,0.7994186046511628,18691.992706121702,3.841454452738468,0.8880813953488372,24262.778046209874,5.25437252459058,16857.343081349973,86,688,0.8907091146944754,0.6593788481125142,1.1240358814279752
no_target_history,lgbm,raw,2024_primary,6089.159672737769,3287.80043792898,0.8615329258852263,1.3920773483663806,1643.9002189644905,0.4728107344632768,7048.728161348967,1.5434735478460049,0.765183615819209,13769.523376283334,3.3040859519461487,0.8584039548022598,18446.630571168334,4.578462669814368,0.9265536723163842,23629.72342652062,6.014173172748111,13909.316967522876,354,2832,0.8615329258852263,0.7003548171352929,1.0188315792687883,6089.159672737769,3287.80043792898,0.8615329258852263,1.3920773483663806,1643.9002189644905,0.4728107344632768,7048.728161348967,1.5434735478460049,0.765183615819209,13769.523376283334,3.3040859519461487,0.8584039548022598,18446.630571168334,4.578462669814368,0.9265536723163842,23629.72342652062,6.014173172748111,13909.316967522876,354,2832,0.8615329258852263,0.7003548171352929,1.0188315792687883
realized_oracle,lgbm,raw,2023Q4_shift,7102.873235888939,3447.728374336864,0.6781493498542365,1.2773850458719138,1723.864187168432,0.4011627906976744,9334.102127262908,1.5808482829188426,0.7456395348837209,17488.06159504575,3.195950493998568,0.8619186046511628,21072.240736919157,4.22520538465649,0.9302325581395348,23678.573625062003,4.979133749809998,13198.892284024098,86,688,0.6781493498542364,0.5604498475964242,0.812453519268503,7102.873235888939,3447.728374336864,0.6781493498542365,1.2773850458719138,1723.864187168432,0.4011627906976744,9334.102127262908,1.5808482829188426,0.7456395348837209,17488.06159504575,3.195950493998568,0.8619186046511628,21072.240736919157,4.22520538465649,0.9302325581395348,23678.573625062003,4.979133749809998,13198.892284024098,86,688,0.6781493498542364,0.5604498475964242,0.812453519268503
realized_oracle,lgbm,raw,2024_primary,5070.532407651103,2668.944020544779,0.7113098369993716,1.2175482894462024,1334.4720102723893,0.4332627118644068,7622.233085991018,1.3594039819770196,0.75,13831.378571679315,3.056821060325801,0.8711158192090396,17466.403463245984,4.278110744580532,0.9396186440677966,21888.83867968176,5.5722607894986975,11317.75229494094,354,2832,0.7113098369993717,0.5757212072351194,0.8495658726806614,5070.532407651103,2668.944020544779,0.7113098369993716,1.2175482894462024,1334.4720102723893,0.4332627118644068,7622.233085991018,1.3594039819770196,0.75,13831.378571679315,3.056821060325801,0.8711158192090396,17466.403463245984,4.278110744580532,0.9396186440677966,21888.83867968176,5.5722607894986975,11317.75229494094,354,2832,0.7113098369993717,0.5757212072351194,0.8495658726806614
train_fraction_100,lgbm,raw,2023Q4_shift,8189.985923156765,4438.959179389792,0.8442035831987561,1.4359053197751346,2219.479589694896,0.4127906976744186,9483.798311885328,1.5426264858274534,0.6758720930232558,15571.192018359749,2.717063912149294,0.8430232558139535,19444.29973905043,3.758563868953801,0.8997093023255814,23567.71912958663,4.924573029042736,16774.157685164457,86,688,0.8442035831987564,0.6415672751849322,1.055923859599047,8189.985923156765,4438.959179389792,0.8442035831987561,1.4359053197751346,2219.479589694896,0.4127906976744186,9483.798311885328,1.5426264858274534,0.6758720930232558,15571.192018359749,2.717063912149294,0.8430232558139535,19444.29973905043,3.758563868953801,0.8997093023255814,23567.71912958663,4.924573029042736,16774.157685164457,86,688,0.8442035831987564,0.6415672751849322,1.055923859599047
train_fraction_100,lgbm,raw,2024_primary,5838.032410364205,3204.768533492429,0.799724023897851,1.3185446446544058,1602.384266746215,0.4600988700564972,7992.137682387637,1.365570917477113,0.7337570621468926,13968.258432465758,2.9863899784998025,0.8619350282485876,17967.563447152632,4.22149392682328,0.9233757062146892,22757.1518419563,5.667349172669115,13476.508974206334,354,2832,0.799724023897851,0.6487134443635364,0.946770528977401,5838.032410364205,3204.768533492429,0.799724023897851,1.3185446446544058,1602.384266746215,0.4600988700564972,7992.137682387637,1.365570917477113,0.7337570621468926,13968.258432465758,2.9863899784998025,0.8619350282485876,17967.563447152632,4.22149392682328,0.9233757062146892,22757.1518419563,5.667349172669115,13476.508974206334,354,2832,0.799724023897851,0.6487134443635364,0.946770528977401
train_fraction_25,lgbm,raw,2023Q4_shift,8215.923354290975,4652.07498072585,0.8539758791245154,1.4556403690146846,2326.037490362925,0.3677325581395348,8039.7278970098,1.8247125298610551,0.6337209302325582,14354.022708782815,3.2885584009684217,0.7369186046511628,17205.30442196736,4.4158300696506165,0.8284883720930233,22994.120492696205,6.553148915248365,15901.02091192295,86,688,0.8539758791245154,0.6682451153467219,1.0672297918978784,8215.923354290975,4652.07498072585,0.8539758791245154,1.4556403690146846,2326.037490362925,0.3677325581395348,8039.7278970098,1.8247125298610551,0.6337209302325582,14354.022708782815,3.2885584009684217,0.7369186046511628,17205.30442196736,4.4158300696506165,0.8284883720930233,22994.120492696205,6.553148915248365,15901.02091192295,86,688,0.8539758791245154,0.6682451153467219,1.0672297918978784
train_fraction_25,lgbm,raw,2024_primary,6318.247384888757,3347.5158728389965,0.8303672273771587,1.390203650023699,1673.757936419499,0.3721751412429379,7983.815618070525,1.615504483318314,0.6613700564971752,14132.978290367531,3.2163596446318587,0.797316384180791,18098.12215399135,4.941865404176863,0.8845338983050848,24942.43312807096,7.38008337783327,12951.899370283663,354,2832,0.8303672273771587,0.6841205538537698,0.9713585898594518,6318.247384888757,3347.5158728389965,0.8303672273771587,1.390203650023699,1673.757936419499,0.3721751412429379,7983.815618070525,1.615504483318314,0.6613700564971752,14132.978290367531,3.2163596446318587,0.797316384180791,18098.12215399135,4.941865404176863,0.8845338983050848,24942.43312807096,7.38008337783327,12951.899370283663,354,2832,0.8303672273771587,0.6841205538537698,0.9713585898594518
train_fraction_50,lgbm,raw,2023Q4_shift,8450.95305687821,4583.125138635471,0.8502200214544413,1.5127604689865557,2291.562569317736,0.3909883720930232,9173.933218819324,1.7693397054374744,0.6686046511627907,14668.93892062894,2.851092772411851,0.7819767441860465,18025.15482814424,3.6514755900891664,0.8706395348837209,21804.125276189687,4.521841718836519,16438.428501119226,86,688,0.8502200214544413,0.6556375018651603,1.0607238431412738,8450.95305687821,4583.125138635471,0.8502200214544413,1.5127604689865557,2291.562569317736,0.3909883720930232,9173.933218819324,1.7693397054374744,0.6686046511627907,14668.93892062894,2.851092772411851,0.7819767441860465,18025.15482814424,3.6514755900891664,0.8706395348837209,21804.125276189687,4.521841718836519,16438.428501119226,86,688,0.8502200214544413,0.6556375018651603,1.0607238431412738
train_fraction_50,lgbm,raw,2024_primary,5970.886527835404,3293.271217435338,0.8430938380108349,1.3546386136538835,1646.6356087176694,0.3937146892655367,8129.795965719858,1.57719321025304,0.6592514124293786,14140.840011757628,3.0090168176476566,0.8163841807909604,18016.32411439566,4.350968888367068,0.9050141242937854,23881.02621168705,6.198152085326009,13060.336752736415,354,2832,0.8430938380108349,0.6878953359726369,0.9963959168318208,5970.886527835404,3293.271217435338,0.8430938380108349,1.3546386136538835,1646.6356087176694,0.3937146892655367,8129.795965719858,1.57719321025304,0.6592514124293786,14140.840011757628,3.0090168176476566,0.8163841807909604,18016.32411439566,4.350968888367068,0.9050141242937854,23881.02621168705,6.198152085326009,13060.336752736415,354,2832,0.8430938380108349,0.6878953359726369,0.9963959168318208
