variant,method,scope,rows,dates,nWIS,MAE,coverage90,width90,status
reference_retrained_seed42,raw,all_observed_under_variant,2832,354,0.799724023897851,5838.032410364204,0.8619350282485876,17967.563447152635,post-audit sensitivity; target definition and/or training labels differ
reference_retrained_seed42,raw,original_354_date_support,2832,354,0.799724023897851,5838.032410364204,0.8619350282485876,17967.563447152635,post-audit sensitivity; target definition and/or training labels differ
reference_retrained_seed42,rolling,all_observed_under_variant,2832,354,0.7798992036393689,5838.032410364204,0.9212570621468926,20646.125887627328,post-audit sensitivity; target definition and/or training labels differ
reference_retrained_seed42,rolling,original_354_date_support,2832,354,0.7798992036393689,5838.032410364204,0.9212570621468926,20646.125887627328,post-audit sensitivity; target definition and/or training labels differ
source_identical_records_removed,raw,all_observed_under_variant,2832,354,0.7968291778342451,5850.593302573587,0.8633474576271186,18285.996609383077,post-audit sensitivity; target definition and/or training labels differ
source_identical_records_removed,raw,original_354_date_support,2832,354,0.7968291778342451,5850.593302573587,0.8633474576271186,18285.996609383077,post-audit sensitivity; target definition and/or training labels differ
source_identical_records_removed,rolling,all_observed_under_variant,2832,354,0.779423464717141,5850.593302573587,0.9205508474576272,20818.384777738203,post-audit sensitivity; target definition and/or training labels differ
source_identical_records_removed,rolling,original_354_date_support,2832,354,0.779423464717141,5850.593302573587,0.9205508474576272,20818.384777738203,post-audit sensitivity; target definition and/or training labels differ
empty_eligible_dates_with_other_records_zero,raw,all_observed_under_variant,2912,364,0.7814140839611541,5798.704133506941,0.8774038461538461,18491.0633320785,post-audit sensitivity; target definition and/or training labels differ
empty_eligible_dates_with_other_records_zero,raw,original_354_date_support,2832,354,0.7937276775512313,5817.74245138034,0.881002824858757,18443.248115282517,post-audit sensitivity; target definition and/or training labels differ
empty_eligible_dates_with_other_records_zero,rolling,all_observed_under_variant,2912,364,0.7671447541165075,5798.704133506941,0.9251373626373627,20519.643396917596,post-audit sensitivity; target definition and/or training labels differ
empty_eligible_dates_with_other_records_zero,rolling,original_354_date_support,2832,354,0.7784519821113363,5817.74245138034,0.9247881355932204,20452.31002986191,post-audit sensitivity; target definition and/or training labels differ
all_empty_eligible_dates_assumed_zero,raw,all_observed_under_variant,2928,366,0.7840161146629472,5862.741578525545,0.8616803278688525,18403.062571257622,post-audit sensitivity; target definition and/or training labels differ
all_empty_eligible_dates_assumed_zero,raw,original_354_date_support,2832,354,0.7988287608205247,5881.284241988189,0.8693502824858758,18336.11589171492,post-audit sensitivity; target definition and/or training labels differ
all_empty_eligible_dates_assumed_zero,rolling,all_observed_under_variant,2928,366,0.7677766448463972,5862.741578525545,0.9238387978142076,20503.63376553105,post-audit sensitivity; target definition and/or training labels differ
all_empty_eligible_dates_assumed_zero,rolling,original_354_date_support,2832,354,0.7813063505469318,5881.284241988189,0.9226694915254238,20404.233274577837,post-audit sensitivity; target definition and/or training labels differ
