model,method,zero,rows,nWIS,coverage90,coverage95
arx,adaptive,False,1991,1.0334629945659635,0.8975389251632345,0.946258161727775
arx,adaptive,True,841,0.8759393079785492,0.9120095124851367,0.9619500594530321
arx,raw,False,1991,1.0847992593048599,0.7548970366649924,0.8151682571572074
arx,raw,True,841,1.0027943349245847,0.37217598097502974,0.4768133174791914
arx,rolling,False,1991,1.033297406469651,0.8985434455047715,0.9477649422400803
arx,rolling,True,841,0.8736775159392102,0.9084423305588585,0.9619500594530321
arx,static,False,1991,1.0540999655369432,0.8473129080863887,0.9296835760924159
arx,static,True,841,0.9366129105801371,0.6956004756242569,0.8894173602853745
gru,adaptive,False,1991,1.0879331578447602,0.8719236564540432,0.939728779507785
gru,adaptive,True,841,0.2846330767577972,0.9976218787158145,1.0
gru,raw,False,1991,1.1587923393085766,0.8116524359618282,0.8749372174786539
gru,raw,True,841,0.2357781036431316,0.9785969084423306,0.990487514863258
gru,rolling,False,1991,1.080791894021118,0.8744349573078855,0.9412355600200905
gru,rolling,True,841,0.292136251040607,1.0,1.0
gru,static,False,1991,1.086383316800321,0.8799598191863385,0.9256654947262682
gru,static,True,841,0.4707196727095966,0.9988109393579072,1.0
lgbm,adaptive,False,1991,0.9925899444362978,0.903566047212456,0.951783023606228
lgbm,adaptive,True,841,0.27490852038342095,0.9405469678953626,0.9809750297265161
lgbm,raw,False,1991,1.0240117687135548,0.8684078352586639,0.9131089904570567
lgbm,raw,True,841,0.25334175166024625,0.746730083234245,0.925089179548157
lgbm,rolling,False,1991,0.9852324205984724,0.9030637870416875,0.9522852837769965
lgbm,rolling,True,841,0.2829995800121298,0.9536266349583828,0.9833531510107015
lgbm,static,False,1991,0.9739613446158638,0.9311903566047213,0.9578101456554495
lgbm,static,True,841,0.4726861880751308,0.9750297265160524,0.9928656361474435
seasonal,adaptive,False,1991,1.0798164732069901,0.8633852335509794,0.9276745354093421
seasonal,adaptive,True,841,0.3426145855148527,0.9881093935790726,0.9976218787158145
seasonal,raw,False,1991,1.1124352243769369,0.8116524359618282,0.8402812656956303
seasonal,raw,True,841,0.3091487114440914,0.8596908442330559,0.8596908442330559
seasonal,rolling,False,1991,1.080385181279982,0.8588648920140632,0.9181315921647414
seasonal,rolling,True,841,0.33526113074356506,0.9881093935790726,0.9964328180737217
seasonal,static,False,1991,1.0757250428929366,0.8593671521848317,0.9116022099447514
seasonal,static,True,841,0.35829873290408715,0.985731272294887,0.9976218787158145
transformer,adaptive,False,1991,1.0114242146383376,0.8864892014063285,0.9382219989954796
transformer,adaptive,True,841,0.2988683807969582,0.9928656361474435,0.9988109393579072
transformer,raw,False,1991,1.0425226223675763,0.849824208940231,0.9025615268709192
transformer,raw,True,841,0.2800879978401309,0.9678953626634959,0.9797859690844233
transformer,rolling,False,1991,1.0115830416316383,0.8874937217478654,0.9432446007031643
transformer,rolling,True,841,0.31075722289843116,0.9940546967895363,1.0
transformer,static,False,1991,0.9932837792990221,0.9216474133601206,0.9588146659969864
transformer,static,True,841,0.47685971192552407,1.0,1.0
