scenario,feature,availability_class,target_minimum_age_days
main,weekday_sin,known_calendar_or_predefined_series,7
main,weekday_cos,known_calendar_or_predefined_series,7
main,annual_sin,known_calendar_or_predefined_series,7
main,annual_cos,known_calendar_or_predefined_series,7
main,weekend,known_calendar_or_predefined_series,7
main,day_hours,known_calendar_or_predefined_series,7
main,series_0,known_calendar_or_predefined_series,7
main,series_1,known_calendar_or_predefined_series,7
main,series_2,known_calendar_or_predefined_series,7
main,series_3,known_calendar_or_predefined_series,7
main,series_4,known_calendar_or_predefined_series,7
main,series_5,known_calendar_or_predefined_series,7
main,series_6,known_calendar_or_predefined_series,7
main,series_7,known_calendar_or_predefined_series,7
main,y_lag_7,simulated_delay_final_vintage,7
main,y_lag_8,simulated_delay_final_vintage,7
main,y_lag_9,simulated_delay_final_vintage,7
main,y_lag_14,simulated_delay_final_vintage,7
main,y_lag_21,simulated_delay_final_vintage,7
main,y_lag_35,simulated_delay_final_vintage,7
main,y_lag_63,simulated_delay_final_vintage,7
main,y_roll7_mean,simulated_delay_final_vintage,7
main,y_roll7_std,simulated_delay_final_vintage,7
main,y_roll7_max,simulated_delay_final_vintage,7
main,y_roll28_mean,simulated_delay_final_vintage,7
main,y_roll28_std,simulated_delay_final_vintage,7
main,y_roll28_max,simulated_delay_final_vintage,7
main,y_roll56_mean,simulated_delay_final_vintage,7
main,y_roll56_std,simulated_delay_final_vintage,7
main,y_roll56_max,simulated_delay_final_vintage,7
main,wind_onshore_lag2,simulated_delay_final_vintage,7
main,wind_onshore_rolling7,simulated_delay_final_vintage,7
main,wind_offshore_lag2,simulated_delay_final_vintage,7
main,wind_offshore_rolling7,simulated_delay_final_vintage,7
main,solar_lag2,simulated_delay_final_vintage,7
main,solar_rolling7,simulated_delay_final_vintage,7
main,load_lag2,simulated_delay_final_vintage,7
main,load_rolling7,simulated_delay_final_vintage,7
main,gas_lag2,simulated_delay_final_vintage,7
main,gas_rolling7,simulated_delay_final_vintage,7
main,hydro_lag2,simulated_delay_final_vintage,7
main,hydro_rolling7,simulated_delay_final_vintage,7
delay02,weekday_sin,known_calendar_or_predefined_series,2
delay02,weekday_cos,known_calendar_or_predefined_series,2
delay02,annual_sin,known_calendar_or_predefined_series,2
delay02,annual_cos,known_calendar_or_predefined_series,2
delay02,weekend,known_calendar_or_predefined_series,2
delay02,day_hours,known_calendar_or_predefined_series,2
delay02,series_0,known_calendar_or_predefined_series,2
delay02,series_1,known_calendar_or_predefined_series,2
delay02,series_2,known_calendar_or_predefined_series,2
delay02,series_3,known_calendar_or_predefined_series,2
delay02,series_4,known_calendar_or_predefined_series,2
delay02,series_5,known_calendar_or_predefined_series,2
delay02,series_6,known_calendar_or_predefined_series,2
delay02,series_7,known_calendar_or_predefined_series,2
delay02,y_lag_2,simulated_delay_final_vintage,2
delay02,y_lag_3,simulated_delay_final_vintage,2
delay02,y_lag_4,simulated_delay_final_vintage,2
delay02,y_lag_9,simulated_delay_final_vintage,2
delay02,y_lag_16,simulated_delay_final_vintage,2
delay02,y_lag_30,simulated_delay_final_vintage,2
delay02,y_lag_58,simulated_delay_final_vintage,2
delay02,y_roll7_mean,simulated_delay_final_vintage,2
delay02,y_roll7_std,simulated_delay_final_vintage,2
delay02,y_roll7_max,simulated_delay_final_vintage,2
delay02,y_roll28_mean,simulated_delay_final_vintage,2
delay02,y_roll28_std,simulated_delay_final_vintage,2
delay02,y_roll28_max,simulated_delay_final_vintage,2
delay02,y_roll56_mean,simulated_delay_final_vintage,2
delay02,y_roll56_std,simulated_delay_final_vintage,2
delay02,y_roll56_max,simulated_delay_final_vintage,2
delay02,wind_onshore_lag2,simulated_delay_final_vintage,2
delay02,wind_onshore_rolling7,simulated_delay_final_vintage,2
delay02,wind_offshore_lag2,simulated_delay_final_vintage,2
delay02,wind_offshore_rolling7,simulated_delay_final_vintage,2
delay02,solar_lag2,simulated_delay_final_vintage,2
delay02,solar_rolling7,simulated_delay_final_vintage,2
delay02,load_lag2,simulated_delay_final_vintage,2
delay02,load_rolling7,simulated_delay_final_vintage,2
delay02,gas_lag2,simulated_delay_final_vintage,2
delay02,gas_rolling7,simulated_delay_final_vintage,2
delay02,hydro_lag2,simulated_delay_final_vintage,2
delay02,hydro_rolling7,simulated_delay_final_vintage,2
delay30,weekday_sin,known_calendar_or_predefined_series,30
delay30,weekday_cos,known_calendar_or_predefined_series,30
delay30,annual_sin,known_calendar_or_predefined_series,30
delay30,annual_cos,known_calendar_or_predefined_series,30
delay30,weekend,known_calendar_or_predefined_series,30
delay30,day_hours,known_calendar_or_predefined_series,30
delay30,series_0,known_calendar_or_predefined_series,30
delay30,series_1,known_calendar_or_predefined_series,30
delay30,series_2,known_calendar_or_predefined_series,30
delay30,series_3,known_calendar_or_predefined_series,30
delay30,series_4,known_calendar_or_predefined_series,30
delay30,series_5,known_calendar_or_predefined_series,30
delay30,series_6,known_calendar_or_predefined_series,30
delay30,series_7,known_calendar_or_predefined_series,30
delay30,y_lag_30,simulated_delay_final_vintage,30
delay30,y_lag_31,simulated_delay_final_vintage,30
delay30,y_lag_32,simulated_delay_final_vintage,30
delay30,y_lag_37,simulated_delay_final_vintage,30
delay30,y_lag_44,simulated_delay_final_vintage,30
delay30,y_lag_58,simulated_delay_final_vintage,30
delay30,y_lag_86,simulated_delay_final_vintage,30
delay30,y_roll7_mean,simulated_delay_final_vintage,30
delay30,y_roll7_std,simulated_delay_final_vintage,30
delay30,y_roll7_max,simulated_delay_final_vintage,30
delay30,y_roll28_mean,simulated_delay_final_vintage,30
delay30,y_roll28_std,simulated_delay_final_vintage,30
delay30,y_roll28_max,simulated_delay_final_vintage,30
delay30,y_roll56_mean,simulated_delay_final_vintage,30
delay30,y_roll56_std,simulated_delay_final_vintage,30
delay30,y_roll56_max,simulated_delay_final_vintage,30
delay30,wind_onshore_lag2,simulated_delay_final_vintage,30
delay30,wind_onshore_rolling7,simulated_delay_final_vintage,30
delay30,wind_offshore_lag2,simulated_delay_final_vintage,30
delay30,wind_offshore_rolling7,simulated_delay_final_vintage,30
delay30,solar_lag2,simulated_delay_final_vintage,30
delay30,solar_rolling7,simulated_delay_final_vintage,30
delay30,load_lag2,simulated_delay_final_vintage,30
delay30,load_rolling7,simulated_delay_final_vintage,30
delay30,gas_lag2,simulated_delay_final_vintage,30
delay30,gas_rolling7,simulated_delay_final_vintage,30
delay30,hydro_lag2,simulated_delay_final_vintage,30
delay30,hydro_rolling7,simulated_delay_final_vintage,30
delay60,weekday_sin,known_calendar_or_predefined_series,60
delay60,weekday_cos,known_calendar_or_predefined_series,60
delay60,annual_sin,known_calendar_or_predefined_series,60
delay60,annual_cos,known_calendar_or_predefined_series,60
delay60,weekend,known_calendar_or_predefined_series,60
delay60,day_hours,known_calendar_or_predefined_series,60
delay60,series_0,known_calendar_or_predefined_series,60
delay60,series_1,known_calendar_or_predefined_series,60
delay60,series_2,known_calendar_or_predefined_series,60
delay60,series_3,known_calendar_or_predefined_series,60
delay60,series_4,known_calendar_or_predefined_series,60
delay60,series_5,known_calendar_or_predefined_series,60
delay60,series_6,known_calendar_or_predefined_series,60
delay60,series_7,known_calendar_or_predefined_series,60
delay60,y_lag_60,simulated_delay_final_vintage,60
delay60,y_lag_61,simulated_delay_final_vintage,60
delay60,y_lag_62,simulated_delay_final_vintage,60
delay60,y_lag_67,simulated_delay_final_vintage,60
delay60,y_lag_74,simulated_delay_final_vintage,60
delay60,y_lag_88,simulated_delay_final_vintage,60
delay60,y_lag_116,simulated_delay_final_vintage,60
delay60,y_roll7_mean,simulated_delay_final_vintage,60
delay60,y_roll7_std,simulated_delay_final_vintage,60
delay60,y_roll7_max,simulated_delay_final_vintage,60
delay60,y_roll28_mean,simulated_delay_final_vintage,60
delay60,y_roll28_std,simulated_delay_final_vintage,60
delay60,y_roll28_max,simulated_delay_final_vintage,60
delay60,y_roll56_mean,simulated_delay_final_vintage,60
delay60,y_roll56_std,simulated_delay_final_vintage,60
delay60,y_roll56_max,simulated_delay_final_vintage,60
delay60,wind_onshore_lag2,simulated_delay_final_vintage,60
delay60,wind_onshore_rolling7,simulated_delay_final_vintage,60
delay60,wind_offshore_lag2,simulated_delay_final_vintage,60
delay60,wind_offshore_rolling7,simulated_delay_final_vintage,60
delay60,solar_lag2,simulated_delay_final_vintage,60
delay60,solar_rolling7,simulated_delay_final_vintage,60
delay60,load_lag2,simulated_delay_final_vintage,60
delay60,load_rolling7,simulated_delay_final_vintage,60
delay60,gas_lag2,simulated_delay_final_vintage,60
delay60,gas_rolling7,simulated_delay_final_vintage,60
delay60,hydro_lag2,simulated_delay_final_vintage,60
delay60,hydro_rolling7,simulated_delay_final_vintage,60
no_target_history,weekday_sin,known_calendar_or_predefined_series,7
no_target_history,weekday_cos,known_calendar_or_predefined_series,7
no_target_history,annual_sin,known_calendar_or_predefined_series,7
no_target_history,annual_cos,known_calendar_or_predefined_series,7
no_target_history,weekend,known_calendar_or_predefined_series,7
no_target_history,day_hours,known_calendar_or_predefined_series,7
no_target_history,series_0,known_calendar_or_predefined_series,7
no_target_history,series_1,known_calendar_or_predefined_series,7
no_target_history,series_2,known_calendar_or_predefined_series,7
no_target_history,series_3,known_calendar_or_predefined_series,7
no_target_history,series_4,known_calendar_or_predefined_series,7
no_target_history,series_5,known_calendar_or_predefined_series,7
no_target_history,series_6,known_calendar_or_predefined_series,7
no_target_history,series_7,known_calendar_or_predefined_series,7
no_target_history,wind_onshore_lag2,simulated_delay_final_vintage,7
no_target_history,wind_onshore_rolling7,simulated_delay_final_vintage,7
no_target_history,wind_offshore_lag2,simulated_delay_final_vintage,7
no_target_history,wind_offshore_rolling7,simulated_delay_final_vintage,7
no_target_history,solar_lag2,simulated_delay_final_vintage,7
no_target_history,solar_rolling7,simulated_delay_final_vintage,7
no_target_history,load_lag2,simulated_delay_final_vintage,7
no_target_history,load_rolling7,simulated_delay_final_vintage,7
no_target_history,gas_lag2,simulated_delay_final_vintage,7
no_target_history,gas_rolling7,simulated_delay_final_vintage,7
no_target_history,hydro_lag2,simulated_delay_final_vintage,7
no_target_history,hydro_rolling7,simulated_delay_final_vintage,7
calendar_only,weekday_sin,known_calendar_or_predefined_series,7
calendar_only,weekday_cos,known_calendar_or_predefined_series,7
calendar_only,annual_sin,known_calendar_or_predefined_series,7
calendar_only,annual_cos,known_calendar_or_predefined_series,7
calendar_only,weekend,known_calendar_or_predefined_series,7
calendar_only,day_hours,known_calendar_or_predefined_series,7
calendar_only,series_0,known_calendar_or_predefined_series,7
calendar_only,series_1,known_calendar_or_predefined_series,7
calendar_only,series_2,known_calendar_or_predefined_series,7
calendar_only,series_3,known_calendar_or_predefined_series,7
calendar_only,series_4,known_calendar_or_predefined_series,7
calendar_only,series_5,known_calendar_or_predefined_series,7
calendar_only,series_6,known_calendar_or_predefined_series,7
calendar_only,series_7,known_calendar_or_predefined_series,7
forecast_proxy,weekday_sin,known_calendar_or_predefined_series,7
forecast_proxy,weekday_cos,known_calendar_or_predefined_series,7
forecast_proxy,annual_sin,known_calendar_or_predefined_series,7
forecast_proxy,annual_cos,known_calendar_or_predefined_series,7
forecast_proxy,weekend,known_calendar_or_predefined_series,7
forecast_proxy,day_hours,known_calendar_or_predefined_series,7
forecast_proxy,series_0,known_calendar_or_predefined_series,7
forecast_proxy,series_1,known_calendar_or_predefined_series,7
forecast_proxy,series_2,known_calendar_or_predefined_series,7
forecast_proxy,series_3,known_calendar_or_predefined_series,7
forecast_proxy,series_4,known_calendar_or_predefined_series,7
forecast_proxy,series_5,known_calendar_or_predefined_series,7
forecast_proxy,series_6,known_calendar_or_predefined_series,7
forecast_proxy,series_7,known_calendar_or_predefined_series,7
forecast_proxy,y_lag_7,simulated_delay_final_vintage,7
forecast_proxy,y_lag_8,simulated_delay_final_vintage,7
forecast_proxy,y_lag_9,simulated_delay_final_vintage,7
forecast_proxy,y_lag_14,simulated_delay_final_vintage,7
forecast_proxy,y_lag_21,simulated_delay_final_vintage,7
forecast_proxy,y_lag_35,simulated_delay_final_vintage,7
forecast_proxy,y_lag_63,simulated_delay_final_vintage,7
forecast_proxy,y_roll7_mean,simulated_delay_final_vintage,7
forecast_proxy,y_roll7_std,simulated_delay_final_vintage,7
forecast_proxy,y_roll7_max,simulated_delay_final_vintage,7
forecast_proxy,y_roll28_mean,simulated_delay_final_vintage,7
forecast_proxy,y_roll28_std,simulated_delay_final_vintage,7
forecast_proxy,y_roll28_max,simulated_delay_final_vintage,7
forecast_proxy,y_roll56_mean,simulated_delay_final_vintage,7
forecast_proxy,y_roll56_std,simulated_delay_final_vintage,7
forecast_proxy,y_roll56_max,simulated_delay_final_vintage,7
forecast_proxy,wind_onshore_lag2,simulated_delay_final_vintage,7
forecast_proxy,wind_onshore_rolling7,simulated_delay_final_vintage,7
forecast_proxy,wind_offshore_lag2,simulated_delay_final_vintage,7
forecast_proxy,wind_offshore_rolling7,simulated_delay_final_vintage,7
forecast_proxy,solar_lag2,simulated_delay_final_vintage,7
forecast_proxy,solar_rolling7,simulated_delay_final_vintage,7
forecast_proxy,load_lag2,simulated_delay_final_vintage,7
forecast_proxy,load_rolling7,simulated_delay_final_vintage,7
forecast_proxy,gas_lag2,simulated_delay_final_vintage,7
forecast_proxy,gas_rolling7,simulated_delay_final_vintage,7
forecast_proxy,hydro_lag2,simulated_delay_final_vintage,7
forecast_proxy,hydro_rolling7,simulated_delay_final_vintage,7
forecast_proxy,forecast_wind_onshore,unverified_forecast_vintage,7
forecast_proxy,forecast_wind_offshore,unverified_forecast_vintage,7
forecast_proxy,forecast_solar,unverified_forecast_vintage,7
realized_oracle,weekday_sin,known_calendar_or_predefined_series,7
realized_oracle,weekday_cos,known_calendar_or_predefined_series,7
realized_oracle,annual_sin,known_calendar_or_predefined_series,7
realized_oracle,annual_cos,known_calendar_or_predefined_series,7
realized_oracle,weekend,known_calendar_or_predefined_series,7
realized_oracle,day_hours,known_calendar_or_predefined_series,7
realized_oracle,series_0,known_calendar_or_predefined_series,7
realized_oracle,series_1,known_calendar_or_predefined_series,7
realized_oracle,series_2,known_calendar_or_predefined_series,7
realized_oracle,series_3,known_calendar_or_predefined_series,7
realized_oracle,series_4,known_calendar_or_predefined_series,7
realized_oracle,series_5,known_calendar_or_predefined_series,7
realized_oracle,series_6,known_calendar_or_predefined_series,7
realized_oracle,series_7,known_calendar_or_predefined_series,7
realized_oracle,y_lag_7,simulated_delay_final_vintage,7
realized_oracle,y_lag_8,simulated_delay_final_vintage,7
realized_oracle,y_lag_9,simulated_delay_final_vintage,7
realized_oracle,y_lag_14,simulated_delay_final_vintage,7
realized_oracle,y_lag_21,simulated_delay_final_vintage,7
realized_oracle,y_lag_35,simulated_delay_final_vintage,7
realized_oracle,y_lag_63,simulated_delay_final_vintage,7
realized_oracle,y_roll7_mean,simulated_delay_final_vintage,7
realized_oracle,y_roll7_std,simulated_delay_final_vintage,7
realized_oracle,y_roll7_max,simulated_delay_final_vintage,7
realized_oracle,y_roll28_mean,simulated_delay_final_vintage,7
realized_oracle,y_roll28_std,simulated_delay_final_vintage,7
realized_oracle,y_roll28_max,simulated_delay_final_vintage,7
realized_oracle,y_roll56_mean,simulated_delay_final_vintage,7
realized_oracle,y_roll56_std,simulated_delay_final_vintage,7
realized_oracle,y_roll56_max,simulated_delay_final_vintage,7
realized_oracle,wind_onshore_lag2,simulated_delay_final_vintage,7
realized_oracle,wind_onshore_rolling7,simulated_delay_final_vintage,7
realized_oracle,wind_offshore_lag2,simulated_delay_final_vintage,7
realized_oracle,wind_offshore_rolling7,simulated_delay_final_vintage,7
realized_oracle,solar_lag2,simulated_delay_final_vintage,7
realized_oracle,solar_rolling7,simulated_delay_final_vintage,7
realized_oracle,load_lag2,simulated_delay_final_vintage,7
realized_oracle,load_rolling7,simulated_delay_final_vintage,7
realized_oracle,gas_lag2,simulated_delay_final_vintage,7
realized_oracle,gas_rolling7,simulated_delay_final_vintage,7
realized_oracle,hydro_lag2,simulated_delay_final_vintage,7
realized_oracle,hydro_rolling7,simulated_delay_final_vintage,7
realized_oracle,wind_onshore_REALIZED_FUTURE,oracle_invalid_for_operational_claims,7
realized_oracle,wind_offshore_REALIZED_FUTURE,oracle_invalid_for_operational_claims,7
realized_oracle,solar_REALIZED_FUTURE,oracle_invalid_for_operational_claims,7
realized_oracle,load_REALIZED_FUTURE,oracle_invalid_for_operational_claims,7
realized_oracle,gas_REALIZED_FUTURE,oracle_invalid_for_operational_claims,7
realized_oracle,hydro_REALIZED_FUTURE,oracle_invalid_for_operational_claims,7
fixed_cohort,weekday_sin,known_calendar_or_predefined_series,7
fixed_cohort,weekday_cos,known_calendar_or_predefined_series,7
fixed_cohort,annual_sin,known_calendar_or_predefined_series,7
fixed_cohort,annual_cos,known_calendar_or_predefined_series,7
fixed_cohort,weekend,known_calendar_or_predefined_series,7
fixed_cohort,day_hours,known_calendar_or_predefined_series,7
fixed_cohort,series_0,known_calendar_or_predefined_series,7
fixed_cohort,series_1,known_calendar_or_predefined_series,7
fixed_cohort,series_2,known_calendar_or_predefined_series,7
fixed_cohort,series_3,known_calendar_or_predefined_series,7
fixed_cohort,series_4,known_calendar_or_predefined_series,7
fixed_cohort,series_5,known_calendar_or_predefined_series,7
fixed_cohort,series_6,known_calendar_or_predefined_series,7
fixed_cohort,series_7,known_calendar_or_predefined_series,7
fixed_cohort,y_lag_7,simulated_delay_final_vintage,7
fixed_cohort,y_lag_8,simulated_delay_final_vintage,7
fixed_cohort,y_lag_9,simulated_delay_final_vintage,7
fixed_cohort,y_lag_14,simulated_delay_final_vintage,7
fixed_cohort,y_lag_21,simulated_delay_final_vintage,7
fixed_cohort,y_lag_35,simulated_delay_final_vintage,7
fixed_cohort,y_lag_63,simulated_delay_final_vintage,7
fixed_cohort,y_roll7_mean,simulated_delay_final_vintage,7
fixed_cohort,y_roll7_std,simulated_delay_final_vintage,7
fixed_cohort,y_roll7_max,simulated_delay_final_vintage,7
fixed_cohort,y_roll28_mean,simulated_delay_final_vintage,7
fixed_cohort,y_roll28_std,simulated_delay_final_vintage,7
fixed_cohort,y_roll28_max,simulated_delay_final_vintage,7
fixed_cohort,y_roll56_mean,simulated_delay_final_vintage,7
fixed_cohort,y_roll56_std,simulated_delay_final_vintage,7
fixed_cohort,y_roll56_max,simulated_delay_final_vintage,7
fixed_cohort,wind_onshore_lag2,simulated_delay_final_vintage,7
fixed_cohort,wind_onshore_rolling7,simulated_delay_final_vintage,7
fixed_cohort,wind_offshore_lag2,simulated_delay_final_vintage,7
fixed_cohort,wind_offshore_rolling7,simulated_delay_final_vintage,7
fixed_cohort,solar_lag2,simulated_delay_final_vintage,7
fixed_cohort,solar_rolling7,simulated_delay_final_vintage,7
fixed_cohort,load_lag2,simulated_delay_final_vintage,7
fixed_cohort,load_rolling7,simulated_delay_final_vintage,7
fixed_cohort,gas_lag2,simulated_delay_final_vintage,7
fixed_cohort,gas_rolling7,simulated_delay_final_vintage,7
fixed_cohort,hydro_lag2,simulated_delay_final_vintage,7
fixed_cohort,hydro_rolling7,simulated_delay_final_vintage,7
