scenario,split,nominal_rows,target_observed_rows,eligible_rows_after_purge,distinct_dates,eligible_dates,minimum_target_date,maximum_target_date
main,calibration,736,712,712,92,89,2023-07-01,2023-09-30
main,primary_test,2928,2832,2832,366,354,2024-01-01,2024-12-31
main,shift_test,736,688,688,92,86,2023-10-01,2023-12-31
main,train,4880,4752,4704,610,588,2021-05-01,2022-12-31
main,validation,1448,1416,1368,181,171,2023-01-01,2023-06-30
delay02,calibration,736,712,712,92,89,2023-07-01,2023-09-30
delay02,primary_test,2928,2832,2832,366,354,2024-01-01,2024-12-31
delay02,shift_test,736,688,688,92,86,2023-10-01,2023-12-31
delay02,train,4880,4752,4744,610,593,2021-05-01,2022-12-31
delay02,validation,1448,1416,1408,181,176,2023-01-01,2023-06-30
delay30,calibration,736,712,712,92,89,2023-07-01,2023-09-30
delay30,primary_test,2928,2832,2832,366,354,2024-01-01,2024-12-31
delay30,shift_test,736,688,688,92,86,2023-10-01,2023-12-31
delay30,train,4880,4752,4536,610,567,2021-05-01,2022-12-31
delay30,validation,1448,1416,1192,181,149,2023-01-01,2023-06-30
delay60,calibration,736,712,712,92,89,2023-07-01,2023-09-30
delay60,primary_test,2928,2832,2832,366,354,2024-01-01,2024-12-31
delay60,shift_test,736,688,688,92,86,2023-10-01,2023-12-31
delay60,train,4880,4752,4304,610,538,2021-05-01,2022-12-31
delay60,validation,1448,1416,952,181,119,2023-01-01,2023-06-30
no_target_history,calibration,736,712,712,92,89,2023-07-01,2023-09-30
no_target_history,primary_test,2928,2832,2832,366,354,2024-01-01,2024-12-31
no_target_history,shift_test,736,688,688,92,86,2023-10-01,2023-12-31
no_target_history,train,4880,4752,4704,610,588,2021-05-01,2022-12-31
no_target_history,validation,1448,1416,1368,181,171,2023-01-01,2023-06-30
calendar_only,calibration,736,712,712,92,89,2023-07-01,2023-09-30
calendar_only,primary_test,2928,2832,2832,366,354,2024-01-01,2024-12-31
calendar_only,shift_test,736,688,688,92,86,2023-10-01,2023-12-31
calendar_only,train,4880,4752,4704,610,588,2021-05-01,2022-12-31
calendar_only,validation,1448,1416,1368,181,171,2023-01-01,2023-06-30
forecast_proxy,calibration,736,712,712,92,89,2023-07-01,2023-09-30
forecast_proxy,primary_test,2928,2832,2832,366,354,2024-01-01,2024-12-31
forecast_proxy,shift_test,736,688,688,92,86,2023-10-01,2023-12-31
forecast_proxy,train,4880,4752,4704,610,588,2021-05-01,2022-12-31
forecast_proxy,validation,1448,1416,1368,181,171,2023-01-01,2023-06-30
realized_oracle,calibration,736,712,712,92,89,2023-07-01,2023-09-30
realized_oracle,primary_test,2928,2832,2832,366,354,2024-01-01,2024-12-31
realized_oracle,shift_test,736,688,688,92,86,2023-10-01,2023-12-31
realized_oracle,train,4880,4752,4704,610,588,2021-05-01,2022-12-31
realized_oracle,validation,1448,1416,1368,181,171,2023-01-01,2023-06-30
fixed_cohort,calibration,736,712,712,92,89,2023-07-01,2023-09-30
fixed_cohort,primary_test,2928,2832,2832,366,354,2024-01-01,2024-12-31
fixed_cohort,shift_test,736,688,688,92,86,2023-10-01,2023-12-31
fixed_cohort,train,4880,4752,4704,610,588,2021-05-01,2022-12-31
fixed_cohort,validation,1448,1416,1368,181,171,2023-01-01,2023-06-30
