file,stage,model,seconds,training_rows
main__arx__s42.json,cpu,arx,0.26607090599998173,6120
main__seasonal__s42.json,cpu,seasonal,19.998886878000008,0
main__lgbm__s42.json,cpu,lgbm,6.417274692000035,6120
main__lgbm__s17.json,cpu,lgbm,6.351291544999981,6120
main__lgbm__s2026.json,cpu,lgbm,6.4200512090000075,6120
main__lgbm__s123.json,cpu,lgbm,6.381527888999983,6120
main__lgbm__s3407.json,cpu,lgbm,6.306393267999965,6120
main__gru__s2026.json,gpu,gru,5.847990056000015,6120
main__gru__s17.json,gpu,gru,5.659848318000002,6120
main__gru__s3407.json,gpu,gru,5.544627590999994,6120
main__gru__s123.json,gpu,gru,5.901172189000022,6120
main__transformer__s17.json,gpu,transformer,6.717303077999986,6120
main__transformer__s3407.json,gpu,transformer,7.061398932999964,6120
main__transformer__s123.json,gpu,transformer,6.512822640000081,6120
main__gru__s42.json,gpu,gru,5.6719669629999885,6120
main__transformer__s42.json,gpu,transformer,6.593675256999973,6120
main__transformer__s2026.json,gpu,transformer,7.169575643999906,6120
