scenario,model,seed,nWIS
main,arx,42,1.060446808244192
main,lgbm,42,0.799724023897851
main,lgbm,17,0.7986793098011472
main,lgbm,123,0.7972991441973016
main,lgbm,2026,0.8016040474002916
main,lgbm,3407,0.7904665529774595
delay02,lgbm,42,0.7823432206818576
delay30,lgbm,42,0.8080402872938515
delay60,lgbm,42,0.8363084993245594
no_target_history,lgbm,42,0.8615329258852266
calendar_only,lgbm,42,0.8816264693110109
forecast_proxy,lgbm,42,0.7150303836720128
realized_oracle,lgbm,42,0.7113098369993716
fixed_cohort,lgbm,42,0.7181236751438305
train_fraction_25,lgbm,42,0.8303672273771587
train_fraction_50,lgbm,42,0.8430938380108349
delay07,lgbm,42,0.799724023897851
train_fraction_100,lgbm,42,0.799724023897851
main,seasonal,42,0.8738886292581082
main,gru,42,0.8970237704977165
main,gru,17,0.91450727107953
main,gru,123,0.9191922448758554
main,gru,2026,0.9029051656887825
main,gru,3407,0.8685307698214042
main,transformer,42,0.8237605882459096
main,transformer,17,0.8644533142710351
main,transformer,123,0.8842313946771583
main,transformer,2026,0.8309378369825925
main,transformer,3407,0.8180516226706189
