model,calibration_width_quantile,threshold,test_retention,nWIS,coverage90,interpretation
arx,0.25,1.9123077206929193,0.2051553672316384,0.26949295871182316,0.6058519793459552,selective forecast use; not measured manual workload or safety
arx,0.5,3.3743992918198265,0.4445621468926554,0.439553094753617,0.6727561556791104,selective forecast use; not measured manual workload or safety
arx,0.75,16.61385562221088,0.75,0.6892473407950225,0.7005649717514124,selective forecast use; not measured manual workload or safety
arx,1.0,31.025295628963132,0.996822033898305,1.0567186010729022,0.6415161176053843,selective forecast use; not measured manual workload or safety
lgbm,0.25,1.8331020143953451,0.08403954802259887,0.19250086467519892,0.8529411764705882,selective forecast use; not measured manual workload or safety
lgbm,0.5,2.1944611587665133,0.163135593220339,0.2175477319825561,0.8658008658008658,selective forecast use; not measured manual workload or safety
lgbm,0.75,3.3868514141461725,0.4625706214689266,0.37896369103959265,0.8404580152671756,selective forecast use; not measured manual workload or safety
lgbm,1.0,12.124177683452615,0.9795197740112994,0.7268721762369742,0.8341744772891132,selective forecast use; not measured manual workload or safety
gru,0.25,1.7418833705945265,0.22139830508474576,0.355185518842194,0.8181818181818182,selective forecast use; not measured manual workload or safety
gru,0.5,2.412674303778431,0.3799435028248588,0.36456930368600154,0.8550185873605948,selective forecast use; not measured manual workload or safety
gru,0.75,3.4048924889385863,0.5903954802259888,0.4628115226902645,0.8702153110047847,selective forecast use; not measured manual workload or safety
gru,1.0,9.303660170271636,0.9608050847457628,0.8547735867627853,0.8610804851157663,selective forecast use; not measured manual workload or safety
transformer,0.25,1.6265532706716452,0.1638418079096045,0.21754394171325434,0.9181034482758621,selective forecast use; not measured manual workload or safety
transformer,0.5,2.2985252026204277,0.3386299435028249,0.33234655272399705,0.9051094890510949,selective forecast use; not measured manual workload or safety
transformer,0.75,3.9538350931289896,0.6207627118644068,0.4516789965770912,0.8919226393629124,selective forecast use; not measured manual workload or safety
transformer,1.0,23.20158564682924,0.9978813559322034,0.8027452073008521,0.8853503184713376,selective forecast use; not measured manual workload or safety
