scenario,model,method,period,extreme,MAE,SE,WIS,nWIS,nMAE,pinball,coverage50,width50,nwidth50,coverage80,width80,nwidth80,coverage90,width90,nwidth90,coverage95,width95,nwidth95
calendar_only,lgbm,raw,2023Q4_shift,False,3314.434341414885,31249692.27824622,1631.3885402536728,0.2752971061743528,0.47740595435019917,815.6942701268365,0.5597147950089126,7832.318876359883,1.1741289031653872,0.8413547237076648,14608.40056445245,2.703635370120613,0.9215686274509803,18096.837060659538,3.803227484574751,0.9857397504456328,21802.563911378285,4.985087974093204
calendar_only,lgbm,raw,2023Q4_shift,True,26126.579891679827,1276900902.2199755,16480.080667777213,3.526635006216135,5.417219310344601,8240.040333888606,0.007874015748031496,9968.995676766332,1.4556011586490787,0.16535433070866143,17505.849852467232,2.9589812622251133,0.29133858267716534,20697.11247974724,3.9025761321729067,0.41732283464566927,24270.051364671453,5.095774616026166
calendar_only,lgbm,raw,2024_primary,False,3366.033644854813,36705825.71389082,1656.991580306918,0.297935796668209,0.47871908751387554,828.495790153459,0.5707027942421676,7473.9373992675955,1.2818535899778725,0.8306519898391194,14039.519318970168,2.859136399041968,0.9123624047417442,17847.385942514793,3.9891026753242027,0.9813717188823031,21274.62924789106,5.127647543820056
calendar_only,lgbm,raw,2024_primary,True,20662.50236594291,1001003877.0499623,12800.003713703818,3.814982573103135,5.849409584358933,6400.001856851909,0.06808510638297872,8970.879748474272,1.7171610345298685,0.2531914893617021,16460.204866465083,3.844289314714583,0.37872340425531914,20178.808485291,5.145149559435268,0.5446808510638298,23561.56137641115,6.46610320663619
delay02,lgbm,raw,2023Q4_shift,False,4192.9225249577075,52635655.59632646,1935.2947398078236,0.30215620736096216,0.5691075110357465,967.647369903912,0.45811051693404636,9102.94145095603,1.3611532226898293,0.8181818181818182,16377.862404138297,2.7639516102692023,0.948306595365419,20040.272163790603,3.6512855006465115,0.983957219251337,23149.689960140706,4.756489591102853
delay02,lgbm,raw,2023Q4_shift,True,25097.329894245766,1271123197.9591317,14625.540266390073,3.0398792653832216,5.105629390672077,7312.770133195037,0.047244094488188976,11081.251107510192,1.9006062669910857,0.2992125984251969,20329.269233079463,4.038511431470097,0.4094488188976378,24610.257646252838,4.901716670940727,0.5433070866141733,28640.4203817662,5.91950855708581
delay02,lgbm,raw,2024_primary,False,3132.0149115645927,32797825.718591157,1587.662206588016,0.2906304941075521,0.4699571679295224,793.8311032940081,0.5283657917019475,7375.064236199696,1.2572815643722142,0.827688399661304,14208.515527272015,2.893718220141794,0.9377646062658763,18232.226934002996,4.1266760932852815,0.9805249788314987,24018.5918590272,5.616799550894571
delay02,lgbm,raw,2024_primary,True,19172.519192419943,884671739.343525,10632.813037196856,3.253461221040388,5.560512341115637,5316.406518598428,0.1148936170212766,10275.84219944688,2.062034650865871,0.37659574468085105,18848.98039367678,4.532772568516416,0.5276595744680851,23075.7743172887,6.0853811736912755,0.6595744680851063,26859.677129420954,7.523838386942944
delay07,lgbm,raw,2023Q4_shift,False,4287.145171359092,53921668.14853311,1952.5004897158408,0.31125640316097436,0.59632089903394,976.2502448579204,0.49732620320855614,9163.422494365912,1.4556990863922947,0.786096256684492,15029.623378338913,2.5745796023654335,0.9554367201426025,18842.89717246873,3.6234458747444607,0.9893048128342246,22870.948944101285,4.792145846156886
delay07,lgbm,raw,2023Q4_shift,True,25430.093496058293,1286095527.6287007,15422.449926689686,3.198403331239667,5.14462075312797,7711.224963344843,0.03937007874015748,10899.001726282113,1.926612872308743,0.1889763779527559,17963.475538451792,3.3464631073362687,0.3464566929133858,22100.889029226306,4.355423670146242,0.5039370078740157,26645.577980431324,5.509546647932199
delay07,lgbm,raw,2024_primary,False,3061.8824232806746,31815071.568305466,1575.9777398801857,0.28480630367781073,0.45513404058054857,787.988869940093,0.5334462320067739,7546.735664916279,1.2506892201048072,0.8149872988992379,13350.742934979944,2.7759672872691192,0.9318374259102455,17302.05524713819,3.937977344390689,0.9813717188823031,22261.242693347365,5.3753691064096385
delay07,lgbm,raw,2024_primary,True,19789.66277098399,934447119.015108,11390.308649475664,3.3874594604079262,5.657642191085152,5695.154324737832,0.09148936170212765,10230.51973614795,1.9429125540587866,0.32553191489361705,17071.60227302212,4.043875928897403,0.5106382978723404,21312.096145948643,5.6463155602398345,0.6319148936170212,25249.359095178224,7.134704314168869
delay30,lgbm,raw,2023Q4_shift,False,4608.5273673179145,61846696.89755165,2032.5573238786264,0.3400957027298565,0.6602191132336372,1016.2786619393132,0.44385026737967914,9605.720023401358,1.5990416935128668,0.7807486631016043,15791.9045220454,2.8975639254021655,0.9073083778966132,18974.08503193915,3.9438593285558956,0.9803921568627451,23403.52863656074,5.499544891378873
delay30,lgbm,raw,2023Q4_shift,True,24645.09832535424,1200430036.7562551,14969.970419084075,3.2121563414788286,5.045832174025646,7484.985209542037,0.11023622047244094,11884.220487070503,2.154104587475924,0.25984251968503935,19384.132929468975,3.442835326157179,0.3228346456692913,22293.170231238484,4.149581454148794,0.4251968503937008,26952.131003236515,5.276892706411668
delay30,lgbm,raw,2024_primary,False,3388.866508810632,34944543.436391,1747.585063352847,0.3379172835838245,0.5017205165916141,873.7925316764238,0.4669771380186283,8468.797629927773,1.574045520920969,0.7667231160033869,15464.440108068258,3.379016197317653,0.9051651143099069,20426.881235355446,5.114446655453953,0.983065198983912,25706.487086937046,6.626741426577936
delay30,lgbm,raw,2024_primary,True,19100.761516087783,878570339.4647903,10742.567931857291,3.1706584463642424,5.567785825161852,5371.283965928646,0.17872340425531916,11041.359394754487,2.4238732750348158,0.4021276595744681,18783.207987462894,4.7954202612235735,0.551063829787234,22495.727006460005,6.786990000962905,0.6829787234042554,27863.962735136694,8.63429526423007
delay60,lgbm,raw,2023Q4_shift,False,4301.287213535823,51969400.5662174,2007.1425008176636,0.3245496978101015,0.627894889698262,1003.5712504088318,0.46524064171123,9942.583569433928,1.54190233908681,0.7433155080213903,16714.041961793842,2.9212176373001055,0.8716577540106952,19696.39775651118,3.6973539371126685,0.9518716577540107,24683.136063843976,5.284564553155953
delay60,lgbm,raw,2023Q4_shift,True,24941.246347452932,1221171284.6143692,15286.2900754016,3.4000152649882187,5.110851588918417,7643.145037700799,0.03937007874015748,10827.844216779438,1.7089893103066027,0.16535433070866143,18471.79374144034,3.127891098282457,0.28346456692913385,22291.673024905736,3.8924937084130793,0.41732283464566927,25887.487683910153,4.805834720097276
delay60,lgbm,raw,2024_primary,False,3263.5530323286002,33182103.464578614,1677.4947985019069,0.30474454567405473,0.490947727794121,838.7473992509535,0.46824724809483487,7356.347547473012,1.3175767892852908,0.7641828958509738,13703.504638215883,2.8042372567018985,0.8920406435224386,18451.15020288271,4.147278367218827,0.9657070279424217,26345.81993516196,5.963039697108175
delay60,lgbm,raw,2024_primary,True,19919.486228618145,931435334.7711061,11510.045435164497,3.5077001132022025,5.690229565389244,5755.022717582248,0.125531914893617,9657.694031847244,1.9769067361421708,0.3382978723404255,17034.885599444166,3.892211850075998,0.5191489361702127,21890.87252841766,5.638533608265973,0.6574468085106383,27691.337040499042,7.471311697544357
fixed_cohort,lgbm,raw,2023Q4_shift,False,4361.014024272764,53597922.38668953,1925.417143235874,0.30208184058924015,0.6015159867087746,962.708571617937,0.4765217391304348,9521.64645761854,1.4381531885299468,0.8208695652173913,15369.194998909514,2.5830636076144113,0.9391304347826087,18791.484714478815,3.510934335799562,0.9704347826086956,23218.779394477875,4.668346256796686
fixed_cohort,lgbm,raw,2023Q4_shift,True,21593.66922382018,828964476.7280498,12114.347389510587,2.943532687051496,4.917643164121376,6057.173694755294,0.017699115044247787,9912.087505293284,1.8767107524202675,0.1592920353982301,16119.704658429848,3.1937283051629644,0.3008849557522124,20165.934208587674,4.092583344272912,0.45132743362831856,23321.22516324428,5.150304128567076
fixed_cohort,lgbm,raw,2024_primary,False,2981.2159080847796,31708942.282134503,1566.6192963860358,0.2813067694260574,0.43518763721616766,783.309648193018,0.540296052631579,7769.417373300637,1.3274059809606786,0.7993421052631579,13748.28791973785,2.7444249437643955,0.9255756578947368,17978.428276522587,4.0062605420213115,0.9695723684210527,22498.391985227383,5.338796810186402
fixed_cohort,lgbm,raw,2024_primary,True,16691.11028813666,631911557.1204133,9229.541974146186,3.37397046190789,5.651010128347196,4614.770987073093,0.105,9350.407864305978,1.8805294832198927,0.37,16388.729596834026,3.9738270128410456,0.5425,20339.374979080734,5.58104929170345,0.6375,23633.30018222907,7.014649596162038
forecast_proxy,lgbm,raw,2023Q4_shift,False,4798.166857420554,75568616.24811462,1921.4423303056249,0.30916844015740724,0.65533208875701,960.7211651528124,0.45098039215686275,6767.812400233014,1.14504960215697,0.768270944741533,12784.552475896278,2.3705937224279454,0.9233511586452763,16554.68815174101,3.4448171314583425,0.9714795008912656,19071.5044765947,4.3697183809673295
forecast_proxy,lgbm,raw,2023Q4_shift,True,17813.79076627746,665461426.8604083,10758.886110391,2.443826348958151,4.141540130391914,5379.4430551955,0.15748031496062992,13836.758680810137,2.498015396086093,0.3228346456692913,23349.063111351214,4.431471381388004,0.47244094488188976,27909.25931099845,5.350250575482196,0.5590551181102362,30215.750879049505,6.0271698701947525
forecast_proxy,lgbm,raw,2024_primary,False,3214.9889546201302,42490794.5022834,1541.2627741313668,0.2855520291100563,0.47282051043837675,770.6313870656835,0.49026248941574935,6337.455520917137,1.1512619061379772,0.7832345469940728,11792.807927532305,2.6490736776582016,0.9246401354784082,16066.06968237854,3.8900024773097224,0.9674005080440304,20865.962466329554,5.31381373710643
forecast_proxy,lgbm,raw,2024_primary,True,13513.332021603028,506586149.2263444,8194.003622279723,2.873387561279123,4.819426381173428,4097.001811139861,0.1829787234042553,12358.052267511994,2.2950937835892735,0.4595744680851064,20939.323336640315,4.80150436580089,0.6234042553191489,25702.69714264088,6.537322127559697,0.7148936170212766,28872.37596905985,7.982780848302686
main,arx,adaptive,2023Q4_shift,False,4609.060786440026,68752364.03702691,2402.0289468383767,0.7038051750371035,0.7980702677371532,1201.0144734191886,0.44385026737967914,7554.329373118109,2.458144041662444,0.7557932263814616,18879.10298870654,7.590434133394172,0.9019607843137255,28369.964411614645,11.64008539166618,0.9572192513368984,36070.136028859735,14.654610585723104
main,arx,adaptive,2023Q4_shift,True,27253.531964666905,1427269467.3861172,13132.678200189173,2.563710022490751,5.318555790478816,6566.339100094588,0.15748031496062992,8588.932392492867,3.4809045838236106,0.4645669291338583,23922.27050933729,9.262831528344876,0.6850393700787402,36058.389756494784,12.469345415039523,0.8503937007874016,47364.908444870896,18.358923204319506
main,arx,adaptive,2024_primary,False,3522.946351104212,45527679.95009384,2011.7302616717488,0.648296711688555,0.7014063123937436,1005.8651308358744,0.6333615580016935,7323.968978648309,2.7782204263632715,0.8560541913632514,16430.14662075005,7.424525924801142,0.9280270956816258,24903.122236837673,10.673015435216838,0.9695173581710415,32269.761304543812,12.890709719644285
main,arx,adaptive,2024_primary,True,19990.11909587111,957296554.6377618,9901.864620526556,2.6872615897498435,5.420457235443944,4950.932310263278,0.20425531914893616,9487.401815136735,3.2395207844127296,0.6,22160.834889111324,10.61680869817236,0.7702127659574468,32383.411638325786,16.68045320358179,0.8574468085106383,39797.34199958475,19.62790061258212
main,arx,raw,2023Q4_shift,False,4609.060786440026,68752364.03702691,2922.172035640631,0.7873103111414935,0.7980702677371532,1461.0860178203154,0.3404634581105169,4617.521336035292,2.0341337335821628,0.49732620320855614,12467.359892810275,6.756330433452074,0.5882352941176471,20191.845031276524,10.59305166647812,0.6648841354723708,25239.63193265129,12.528600892225725
main,arx,raw,2023Q4_shift,True,27253.531964666905,1427269467.3861175,15468.126653144303,2.760867032468751,5.318555790478816,7734.063326572153,0.15748031496062992,6035.481066882602,3.052207462090087,0.3937007874015748,18799.40014014922,8.569803534276128,0.5905511811023622,29358.38425057853,11.642510683560893,0.7086614173228346,35065.10149450777,13.594949068001663
main,arx,raw,2024_primary,False,3522.9463511042118,45527679.95009384,2199.4383763094406,0.7103882054451663,0.7014063123937436,1099.7191881547203,0.3522438611346317,4311.300632602439,2.1410486186661433,0.5508044030482642,12201.044974741599,6.554446773838645,0.6320914479254869,20013.079325058385,9.7701307905314,0.7049110922946655,25243.736363883756,11.60672806787187
main,arx,raw,2024_primary,True,19990.11909587111,957296554.6377618,11072.945928740688,2.819677488693764,5.420457235443944,5536.472964370344,0.1425531914893617,5002.285629431271,2.3851194169507113,0.5063829787234042,16214.151178616017,9.456823839569163,0.6872340425531915,25791.101599532518,15.521536951515062,0.7638297872340426,30423.82682367635,17.99125350429876
main,arx,rolling,2023Q4_shift,False,4609.060786440026,68752364.03702691,2418.569971790978,0.7073540851891696,0.7980702677371532,1209.284985895489,0.4206773618538324,6907.264035901367,2.3648628296171905,0.714795008912656,17867.032337113404,7.453112289014947,0.8877005347593583,27630.908297275433,11.531022817461205,0.9518716577540107,35727.672875133394,14.586428977508922
main,arx,rolling,2023Q4_shift,True,27253.531964666905,1427269467.3861172,13303.201660799261,2.5852823824488187,5.318555790478816,6651.6008303996305,0.15748031496062992,8117.570169864169,3.4155922342275185,0.4409448818897638,23254.761525322756,9.168327251018946,0.6850393700787402,35722.50728076646,12.425731890080467,0.84251968503937,47246.00026940491,18.33731502875117
main,arx,rolling,2024_primary,False,3522.946351104212,45527679.95009384,2004.7665881222435,0.6453595222166474,0.7014063123937436,1002.383294061122,0.59229466553768,6775.644890255554,2.689931374967177,0.8484335309060118,16345.135282321298,7.3210003315466325,0.9276037256562235,24677.769101209815,10.63210565061206,0.9716342082980525,32727.04950541922,12.856123282515451
main,arx,rolling,2024_primary,True,19990.11909587111,957296554.6377618,9966.897032416962,2.697273905766446,5.420457235443944,4983.448516208481,0.2,8492.145077334457,3.095444539265887,0.5893617021276596,21670.762686128768,10.43290807976545,0.7702127659574468,31890.503662493895,16.61172757761185,0.8531914893617021,39989.33784335743,19.564868515780233
main,arx,static,2023Q4_shift,False,4609.060786440026,68752364.03702691,2619.525221375681,0.7444018440517638,0.7980702677371532,1309.7626106878406,0.39037433155080214,5267.579675361942,2.238028928586575,0.6327985739750446,14318.043861839382,7.0925219772038055,0.7967914438502673,23712.51496565507,11.097919008736197,0.893048128342246,33752.29775141273,16.333303261760044
main,arx,static,2023Q4_shift,True,27253.531964666905,1427269467.3861172,14128.29187088851,2.684220437319921,5.318555790478816,7064.145935444255,0.15748031496062992,6857.083301286216,3.299913155418596,0.4251968503937008,20619.54013065489,8.898202760297357,0.6377952755905512,33039.00575836309,12.139621235732912,0.8110236220472441,45333.138846162066,19.1616372536277
main,arx,static,2024_primary,False,3522.946351104212,45527679.95009384,2056.4443177417124,0.673695947104978,0.7014063123937436,1028.2221588708562,0.42887383573243015,4892.334150653642,2.358803014057585,0.6862828111769687,13912.319510484143,6.895162110799745,0.8162574089754445,23397.502931204843,10.285534834504562,0.930567315834039,33928.555582380905,15.748478410119558
main,arx,static,2024_primary,True,19990.11909587111,957296554.6377618,10203.427563913981,2.7556056640850874,5.420457235443944,5101.713781956991,0.15106382978723404,5685.36635758852,2.632159194352708,0.5191489361702127,17943.217936687357,9.815363905144217,0.7319148936170212,29356.08839901558,16.04684598387226,0.8531914893617021,39525.41376402655,22.16026849495948
main,gru,adaptive,2023Q4_shift,False,3716.4580544522423,44545962.55292886,1923.3517540218752,0.3232559800729578,0.5216464123101074,961.6758770109376,0.7219251336898396,7278.1876330147215,1.0800070696775497,0.948306595365419,15711.401305058334,2.9758359636638896,0.982174688057041,24824.212477501314,4.901817111887633,0.9946524064171123,33642.49113707567,7.789899355018165
main,gru,adaptive,2023Q4_shift,True,26113.841300657834,1333376320.9114165,14437.314493726468,2.9015285951039376,5.303995639047809,7218.657246863234,0.031496062992125984,9638.372300790632,1.5482417871142482,0.31496062992125984,20116.75576045119,4.859090661951169,0.5905511811023622,31424.837418453484,8.362075634135985,0.7244094488188977,45929.28217437264,15.302994176053302
main,gru,adaptive,2024_primary,False,3305.6332292299867,38987639.78612793,1712.8080774087653,0.32531618915687943,0.5480040054348464,856.4040387043829,0.7116850127011007,6894.160527363953,1.2485701395423674,0.9415749364944962,12840.968694582929,2.791301003346534,0.983065198983912,20278.99702386379,4.572230627709029,0.9949195596951735,30108.974621168712,7.335051122326076
main,gru,adaptive,2024_primary,True,20733.745297960286,1001106940.8601792,11467.769591765606,3.483094672412076,5.664918412389096,5733.884795882803,0.09787234042553192,8774.21447668847,1.7875153839169522,0.30425531914893617,17073.198902620225,4.024829534429383,0.5382978723404256,25641.725791690784,6.705766155123665,0.7702127659574468,37947.54641342293,11.057753008485356
main,gru,raw,2023Q4_shift,False,3716.4580544522423,44545962.55292886,1787.4848784918331,0.26795599390871394,0.5216464123101074,893.7424392459167,0.6737967914438503,6907.607046735191,0.9909346248009924,0.9144385026737968,13151.88414318868,2.0574654840631745,0.9750445632798574,18358.390330069647,3.0498565171367074,0.9893048128342246,23784.488344745416,4.107952095405274
main,gru,raw,2023Q4_shift,True,26113.841300657834,1333376320.9114165,16132.981391417003,3.4885369957325385,5.303995639047809,8066.490695708501,0.031496062992125984,9282.145746928969,1.4492497595780909,0.15748031496062992,17193.405966877373,2.8699697484059707,0.3700787401574803,23610.97872721304,4.124896743796771,0.5118110236220472,30360.25045611464,5.458511955294953
main,gru,raw,2024_primary,False,3305.6332292299867,38987639.78612793,1633.8698678056812,0.28966480357116425,0.5480040054348464,816.9349339028407,0.6519898391193903,5980.566218606626,1.1278614763774135,0.8983911939034717,11528.73486721347,2.2821141697258684,0.9568162574089755,16274.92150920403,3.3322057150443225,0.9801016088060965,21168.003307377705,4.431015917900148
main,gru,raw,2024_primary,True,20733.745297960286,1001106940.8601791,12648.155191826918,3.875014184451403,5.664918412389096,6324.077595913459,0.08936170212765958,7674.512940999079,1.5877006295604672,0.22340425531914893,14512.78962850946,3.089932728828475,0.38085106382978723,19936.023112845316,4.369085348287985,0.5531914893617021,25386.088558278185,5.680981380910265
main,gru,rolling,2023Q4_shift,False,3716.4580544522423,44545962.55292886,1904.0137713297927,0.32655810789791617,0.5216464123101074,952.0068856648966,0.7112299465240641,7148.737003537926,1.0437582859145929,0.948306595365419,15219.058807421947,2.9895646269065086,0.9857397504456328,24103.66907307671,5.215593897926315,0.9946524064171123,32920.78905915336,7.727593547707139
main,gru,rolling,2023Q4_shift,True,26113.841300657834,1333376320.9114165,14504.773587070365,2.902703239534709,5.303995639047809,7252.386793535183,0.031496062992125984,9528.161772891499,1.5076335304556037,0.3228346456692913,19780.237198184757,4.908606298367784,0.5984251968503937,31272.364613289723,8.562182427643533,0.7244094488188977,46486.499594017696,15.457439714722618
main,gru,rolling,2024_primary,False,3305.6332292299867,38987639.78612793,1710.6921734552254,0.3284567585762283,0.5480040054348464,855.3460867276128,0.6985605419136325,6664.259574222511,1.2156604372487698,0.941151566469094,12842.282078615408,2.8363875723793956,0.985182049110923,20308.584792547666,4.658339393656164,0.9944961896697714,30344.76173018537,7.630366678003703
main,gru,rolling,2024_primary,True,20733.745297960286,1001106940.8601792,11451.178769313905,3.4504859241790338,5.664918412389096,5725.589384656953,0.09787234042553192,8468.043430038626,1.726712645161279,0.30638297872340425,16976.52305032223,4.104756172534469,0.5425531914893617,25416.68082145847,6.628467515122162,0.7787234042553192,38310.26872182936,11.13642481632669
main,gru,static,2023Q4_shift,False,3716.4580544522423,44545962.55292886,1896.9063676696721,0.38205032547778345,0.5216464123101074,948.4531838348363,0.6827094474153298,6909.314936434872,0.9974544020147479,0.9358288770053476,14767.36535598926,4.058906197300608,0.9857397504456328,23333.600840062438,6.252442056094258,0.9928698752228164,33746.02245062498,11.165237175914449
main,gru,static,2023Q4_shift,True,26113.841300657834,1333376320.9114165,14517.537668635583,2.8840548819591265,5.303995639047809,7258.768834317792,0.031496062992125984,9284.900015244802,1.4597640309678028,0.3700787401574803,19794.33598059106,6.149741848624053,0.6062992125984252,32308.805868633903,9.597414902227136,0.7086614173228346,48723.030297091624,17.593815345206327
main,gru,static,2024_primary,False,3305.6332292299867,38987639.78612793,1745.2712427560245,0.4151256086394839,0.5480040054348464,872.6356213780125,0.6604572396274344,5983.033574208662,1.137280473889601,0.9314140558848434,13284.181471500782,4.496498024953355,0.9839119390347163,21680.842320310057,6.874018032506802,0.9932260795935648,31997.2344291656,12.239903980494619
main,gru,static,2024_primary,True,20733.745297960286,1001106940.8601792,11174.270766552807,3.3581654061526574,5.664918412389096,5587.135383276403,0.08936170212765958,7677.187401021377,1.5979102370753622,0.32553191489361705,16681.999579122927,5.473147042527632,0.5702127659574469,27097.474495129278,8.409846631101036,0.7191489361702128,40428.71867169482,14.616386493982688
main,lgbm,adaptive,2023Q4_shift,False,4316.8399958839345,54521717.91040116,2104.076439138659,0.3637073269108019,0.5979831419324207,1052.0382195693298,0.48841354723707664,9960.970676775607,1.533208305910377,0.9073083778966132,17021.775565603257,3.3210222065927804,0.9946524064171123,27222.837858804174,5.668492672477641,1.0,35875.713812190144,8.725283218538385
main,lgbm,adaptive,2023Q4_shift,True,25501.343408855108,1286421705.4083657,12934.523733074175,2.6186475836771717,5.164515817342903,6467.261866537087,0.03937007874015748,11661.131074211173,2.0574522892697584,0.31496062992125984,20835.97674322686,5.219293531351279,0.5826771653543307,34413.37488817928,9.126546238172223,0.7795275590551181,45348.72581090135,15.306879752698308
main,lgbm,adaptive,2024_primary,False,3028.491820292199,31067222.08573477,1645.9581178125698,0.3070384982734297,0.4481721301065111,822.9790589062851,0.6562235393734124,8664.034829669725,1.4198691738748883,0.8941574936494496,14243.568553402654,2.96931320769153,0.9737510584250635,19894.778944546306,4.734055089215683,0.9932260795935648,29119.26424899455,7.251800354778578
main,lgbm,adaptive,2024_primary,True,19945.86665695388,946086928.5594596,10449.01116341853,3.1536589619006072,5.682377594087408,5224.505581709265,0.09361702127659574,11711.78621738552,2.204174467596094,0.3893617021276596,18996.67860864014,4.50099654457327,0.6170212765957447,26024.13535761272,7.009977984418001,0.7957446808510639,37607.150297501285,10.672829331153112
main,lgbm,raw,2023Q4_shift,False,4316.8399958839345,54521717.91040116,1921.8385246775226,0.30677916481037515,0.5979831419324207,960.9192623387613,0.39037433155080214,8991.834194606476,1.4096313213503384,0.7540106951871658,15075.623236159121,2.6067210327177848,0.9162210338680927,18904.77430109296,3.6137339980174827,0.9768270944741533,23052.264679966127,4.859024958247232
main,lgbm,raw,2023Q4_shift,True,25501.343408855108,1286421705.4083657,15480.114375305418,3.1986550513013374,5.164515817342903,7740.057187652709,0.03937007874015748,10641.31630140471,1.919336429017885,0.2125984251968504,17844.536132256453,3.3932112505271883,0.3543307086614173,22134.57419209467,4.309225036847567,0.4881889763779528,26352.869609822552,5.445887696876332
main,lgbm,raw,2024_primary,False,3028.491820292199,31067222.08573477,1573.1183915807455,0.28553721929801595,0.4481721301065111,786.5591957903728,0.4521591871295512,7692.592129795431,1.2961606982518727,0.7408975444538527,13579.321851821316,2.8041487420413054,0.8971210838272651,17708.408141423755,4.049420795065882,0.9720575783234547,22361.13976366432,5.390355817132201
main,lgbm,raw,2024_primary,True,19945.86665695388,946086928.5594597,11348.145962791601,3.3562317716447687,5.682377594087408,5674.072981395801,0.07234042553191489,10176.436621768033,1.9783010799319645,0.3425531914893617,17301.60834012501,4.1395359661379105,0.5063829787234042,21360.25133382462,5.691801443054376,0.6382978723404256,25764.51236521709,7.2439609425390445
main,lgbm,rolling,2023Q4_shift,False,4316.8399958839345,54521717.91040116,2078.162520372949,0.36633759675467953,0.5979831419324207,1039.0812601864748,0.47950089126559714,9732.527191253364,1.499037745894474,0.8912655971479501,16514.518365423315,3.34092904965,0.9946524064171123,26517.116038500564,5.930492565923029,1.0,33793.789528903915,8.48329620454483
main,lgbm,rolling,2023Q4_shift,True,25501.343408855108,1286421705.4083657,13082.689957925606,2.635575171679035,5.164515817342903,6541.344978962803,0.03937007874015748,11523.175023539008,2.0346278874686443,0.3228346456692913,20265.406336051685,5.170826966764535,0.5905511811023622,33814.59252133231,9.276813751204376,0.7559055118110236,43750.82161994995,15.117756947597135
main,lgbm,rolling,2024_primary,False,3028.491820292199,31067222.08573477,1644.3054832757884,0.31089252185612676,0.4481721301065111,822.1527416378943,0.6312447078746825,8524.61604146189,1.3991911243295792,0.9043183742591024,14295.885280015009,3.057514680926674,0.9775613886536834,19948.690059715726,4.842263253508615,0.9940728196443692,28808.56802410776,7.4485394662589
main,lgbm,rolling,2024_primary,True,19945.86665695388,946086928.5594596,10452.973299933103,3.117600552292741,5.682377594087408,5226.486649966551,0.08936170212765958,11435.362788197333,2.1601732285793984,0.39148936170212767,18891.34197106952,4.639861508345015,0.6191489361702127,25670.678536990028,7.271970828453208,0.7978723404255319,36911.56866872831,11.011892692984972
main,lgbm,static,2023Q4_shift,False,4316.8399958839345,54521717.91040116,2042.3319053131017,0.4175426628534975,0.5979831419324207,1021.1659526565509,0.48128342245989303,9367.464412543486,1.4576031673394705,0.8805704099821747,16259.907374185359,4.431786281965975,0.9928698752228164,24334.73746509894,6.833138316247429,0.9982174688057041,31124.103195296735,11.366611096692946
main,lgbm,static,2023Q4_shift,True,25501.343408855108,1286421705.4083657,13462.885363445143,2.6832689648832706,5.164515817342903,6731.442681722571,0.03937007874015748,11229.154850115721,2.0037966363424866,0.3464566929133858,19749.478606156645,6.335738589792082,0.5826771653543307,32133.07108663842,9.834854871025943,0.7086614173228346,41309.28625203721,16.44897448313813
main,lgbm,static,2024_primary,False,3028.491820292199,31067222.08573477,1703.2324460296998,0.4080527011614206,0.4481721301065111,851.61622301485,0.5973751058425063,8068.342006434615,1.3431671722149896,0.9047417442845047,14814.08872710709,4.811918584889975,0.9872988992379339,23610.79983382583,7.60485514034899,0.9974597798475868,31151.857782276038,12.586883925927236
main,lgbm,static,2024_primary,True,19945.86665695388,946086928.5594596,10077.649140972379,2.920990725868286,5.682377594087408,5038.824570486189,0.07446808510638298,10628.920142104622,2.0429403316500823,0.4340425531914894,18816.329488998792,6.252010651819006,0.7276595744680852,29494.680971373884,9.787711571851908,0.8212765957446808,37880.91781492681,15.289515556905677
main,seasonal,adaptive,2023Q4_shift,False,3217.283110516934,33633986.345225625,2057.96584243167,0.4139789678235502,0.590976681077526,1028.982921215835,0.714795008912656,8538.712049910873,1.8202666489058057,0.928698752228164,18345.789258467023,3.9323135681520665,0.9696969696969697,29830.897200534753,6.243138972799053,0.9857397504456328,38319.162591354725,8.614850268534513
main,seasonal,adaptive,2023Q4_shift,True,27681.148070866144,1494498390.1995938,14321.96507740595,2.6968340869252874,5.2974928637674905,7160.982538702975,0.15748031496062992,10020.015807086615,2.8629668873739322,0.3858267716535433,23398.559677165355,6.176971369033733,0.5748031496062992,36943.9287519685,9.974809715115187,0.7401574803149606,48787.0576023622,15.961155619858895
main,seasonal,adaptive,2024_primary,False,2904.9976756985607,28668582.632361285,1779.405539651543,0.36919265923094396,0.48377068572676196,889.7027698257716,0.6668077900084673,7386.640856265876,1.5503435103523737,0.8903471634208298,15087.047840389503,3.3896748165712696,0.9614733276883997,22466.857063082127,5.458887270526946,0.983065198983912,33238.48676598221,8.432734461793876
main,seasonal,adaptive,2024_primary,True,21797.843936170215,1081005056.678195,11438.525437065602,3.3319583052545085,5.789437363148819,5719.262718532801,0.14042553191489363,9261.277494680851,2.2881835058403666,0.37872340425531914,20107.421619148936,5.866687296255054,0.5936170212765958,28928.615549999995,9.349640779900877,0.774468085106383,43172.31089308511,14.017069461802395
main,seasonal,raw,2023Q4_shift,False,3217.283110516934,33633986.345225625,1891.9814468879977,0.388050778569977,0.590976681077526,945.9907234439988,0.6595365418894831,8106.103364527629,1.7555768740167996,0.8288770053475936,16029.352329768273,3.601252825544968,0.8859180035650623,21158.459022281633,5.0396433185274425,0.9019607843137255,23983.43003698752,5.843692831971771
main,seasonal,raw,2023Q4_shift,True,27681.148070866144,1494498390.1995938,16603.735462718723,2.9989247639526475,5.2974928637674905,8301.867731359362,0.14960629921259844,9695.849114173228,2.8147073702668797,0.3543307086614173,21208.71925984252,5.77675747399833,0.4645669291338583,27508.19468897637,8.25773573688277,0.5118110236220472,30846.594627952752,9.637656677925925
main,seasonal,raw,2024_primary,False,2904.9976756985607,28668582.632361285,1690.6857765276602,0.3408339163767085,0.48377068572676196,845.3428882638302,0.6058425063505504,6877.052512701101,1.4721593757263047,0.7993226079593565,13943.46980694327,3.1500874626663915,0.8873835732430144,19089.93904276037,4.456620790658424,0.901354784081287,21936.239341447923,5.183571849226918
main,seasonal,raw,2024_primary,True,21797.843936170215,1081005056.678195,12609.349770437353,3.552772101228036,5.789437363148819,6304.6748852186765,0.125531914893617,8439.494281914893,2.1428007781825724,0.3595744680851064,17736.317565957448,5.347878243008966,0.5170212765957447,23574.828382978714,7.225474052668885,0.5680851063829787,26736.17104255319,8.222614071573496
main,seasonal,rolling,2023Q4_shift,False,3217.283110516934,33633986.345225625,2020.9630622375716,0.4091373079653375,0.590976681077526,1010.481531118786,0.696969696969697,8431.288881461676,1.8040590855719507,0.9233511586452763,17496.731213903746,3.8366309281352096,0.9696969696969697,28759.21603119429,6.1164435755860636,0.9857397504456328,36104.066664438506,8.260492032145583
main,seasonal,rolling,2023Q4_shift,True,27681.148070866144,1494498390.1995938,14490.995198643921,2.7227857082652123,5.2974928637674905,7245.4975993219605,0.15748031496062992,9956.184645669291,2.8527702767786027,0.3858267716535433,22967.1091496063,6.106414608514354,0.5511811023622047,35728.09442125984,9.892481631507511,0.6850393700787402,46648.19456692913,15.57627803846382
main,seasonal,rolling,2024_primary,False,2904.9976756985607,28668582.632361285,1762.3199631156506,0.3626278198480799,0.48377068572676196,881.1599815578254,0.6511430990685859,7257.080477349703,1.5292865661366475,0.8945808636748518,14906.691264182897,3.3305891662402507,0.9614733276883997,22112.230201312443,5.303584477778851,0.9817950889077053,31796.904101714645,7.838135881628711
main,seasonal,rolling,2024_primary,True,21797.843936170215,1081005056.678195,11540.576659896571,3.35420126894174,5.789437363148819,5770.2883299482855,0.13617021276595745,9056.621686170212,2.2515865659395766,0.37659574468085105,19794.305304255322,5.74303229732265,0.574468085106383,28147.385271276595,8.817654432225922,0.7382978723404255,39928.42845797873,12.499172717888495
main,seasonal,static,2023Q4_shift,False,3217.283110516934,33633986.345225625,1924.8414135224796,0.41157365823194386,0.590976681077526,962.42070676124,0.6631016042780749,8145.374977718359,1.7592423250685834,0.8716577540106952,16257.88719607843,3.643569810309377,0.9607843137254902,23177.441415329766,5.71220497753658,0.9803921568627451,31320.67191889483,9.764018027027497
main,seasonal,static,2023Q4_shift,True,27681.148070866144,1494498390.1995938,15504.179124835957,2.8887326017631696,5.2974928637674905,7752.089562417978,0.14960629921259844,9731.737893700787,2.8177844171863424,0.3543307086614173,21511.571031496063,5.836600091037165,0.5039370078740157,30607.84847637795,9.324742068882196,0.6062992125984252,41465.856942913386,15.749566846949662
main,seasonal,static,2024_primary,False,2904.9976756985607,28668582.632361285,1721.1839702964767,0.3661958655730029,0.48377068572676196,860.5919851482385,0.6126164267569856,6919.618055673159,1.4761582330538476,0.8700254022015241,14168.208601185437,3.190957359491287,0.9652836579170194,21216.75262171888,5.182610940644947,0.9864521591871296,29756.833605948348,9.477580547929037
main,seasonal,static,2024_primary,True,21797.843936170215,1081005056.678195,11823.046759420804,3.3577514048696626,5.789437363148819,5911.523379710402,0.125531914893617,8468.709175531914,2.1453194709998082,0.3595744680851064,17991.388885106386,5.397260624204582,0.5531914893617021,26125.175040425525,8.033213568587541,0.6893617021276596,35202.209659574466,12.672216098339213
main,transformer,adaptive,2023Q4_shift,False,3773.3671178729346,44922744.026465476,1978.8714996441706,0.3407163112926504,0.5286311418224643,989.4357498220855,0.6755793226381461,7841.016105283118,1.1412851571820923,0.9625668449197861,16974.96591317075,3.3078861101746404,0.9928698752228164,28397.965452934255,5.7356722823499675,1.0,35470.9852458074,8.465569571087302
main,transformer,adaptive,2023Q4_shift,True,25826.22821106858,1318009706.8420105,13437.651061405402,2.7298357961388873,5.240756119818134,6718.825530702701,0.031496062992125984,9663.64248941827,1.527423742074823,0.3228346456692913,21313.148359085142,4.993347317038845,0.6141732283464567,36746.02543230433,8.899161399838654,0.8031496062992126,48072.20466314361,15.025117565538654
main,transformer,adaptive,2024_primary,False,2964.932792296114,33087186.130578063,1570.72587705213,0.3177627652183514,0.4895831352253805,785.3629385260651,0.6879762912785775,6226.468523989649,1.1848802611003904,0.9288738357324301,12001.77443362777,2.769756473501812,0.9784081287044877,18586.82549559337,4.891875432753753,0.9944961896697714,28037.545545048466,7.322398776479508
main,transformer,adaptive,2024_primary,True,20340.95968111529,973886612.5405799,11201.07030198506,3.222421847126439,5.6510820713549315,5600.53515099253,0.09574468085106383,9494.530506089966,2.0403752614894026,0.33617021276595743,18413.768301340206,4.517126128194829,0.6148936170212767,26285.834608478464,7.523291433695811,0.7638297872340426,38673.21087938804,11.296070500736404
main,transformer,raw,2023Q4_shift,False,3773.3671178729346,44922744.026465476,1784.2678975583285,0.27978221484604004,0.5286311418224643,892.1339487791643,0.5935828877005348,7047.224301061613,0.9903377335950355,0.8663101604278075,13460.632832494268,2.187139144511088,0.9447415329768271,18426.949081678016,3.5383746216674057,0.966131907308378,23478.336262592446,5.061597110271971
main,transformer,raw,2023Q4_shift,True,25826.22821106858,1318009706.8420105,16350.087729033028,3.4529002266771447,5.240756119818134,8175.043864516514,0.031496062992125984,9022.16381724932,1.3907117682922012,0.14960629921259844,16787.525868645615,2.7882891062270883,0.3464566929133858,22771.118545195815,4.320136254475663,0.49606299212598426,28863.174561676264,5.993813526272427
main,transformer,raw,2024_primary,False,2964.932792296114,33087186.130578063,1494.3282846415432,0.29971870338566503,0.4895831352253805,747.1641423207716,0.628281117696867,5568.804688945714,1.0821002788343528,0.9026248941574937,10990.76020184883,2.5788937974408026,0.9593564775613886,15443.74669219108,4.115001601726587,0.9796782387806944,19988.224468617515,5.731433013776219
main,transformer,raw,2024_primary,True,20340.95968111529,973886612.54058,12099.03418144888,3.411236106213731,5.6510820713549315,6049.51709072444,0.08723404255319149,8215.638385766137,1.8089786132755108,0.3,15927.048522350535,4.03963917965955,0.5106382978723404,21747.28577005584,6.231038887087509,0.6531914893617021,27522.64590169379,8.507016661269887
main,transformer,rolling,2023Q4_shift,False,3773.3671178729346,44922744.026465476,1951.0186447092838,0.34151629787646015,0.5286311418224643,975.509322354642,0.6488413547237076,7621.7276666799835,1.0902495181349001,0.9572192513368984,16073.626737668808,3.2459904172148217,0.9928698752228164,27690.162288334297,5.949730879008341,1.0,34895.089292046585,8.424540141008054
main,transformer,rolling,2023Q4_shift,True,25826.22821106858,1318009706.8420105,13535.290691502343,2.7436899645135253,5.240756119818134,6767.645345751172,0.031496062992125984,9523.77797304176,1.4745202079229893,0.31496062992125984,20572.188298536286,4.972307088696308,0.6141732283464567,36263.14179222528,9.04008925734123,0.7952755905511811,48323.51735421729,15.128662915064082
main,transformer,rolling,2024_primary,False,2964.932792296114,33087186.130578063,1569.6472803979025,0.32453409677542955,0.4895831352253805,784.8236401989514,0.6795088907705334,6086.580138791802,1.1614976903049052,0.9318374259102455,12005.609861392384,2.976401649460894,0.9792548687552921,18379.712876298105,4.963359372715823,0.995766299745978,28495.255572797243,7.5944112216549415
main,transformer,rolling,2024_primary,True,20340.95968111529,973886612.5405799,11223.18637800009,3.210338561197038,5.6510820713549315,5611.593189000045,0.09574468085106383,9166.848710692371,1.9808845974276021,0.3446808510638298,18143.370028999874,4.781794374230883,0.6170212765957447,25931.49071385128,7.695038122190551,0.7808510638297872,38761.00719448009,11.551034288824663
main,transformer,static,2023Q4_shift,False,3773.3671178729346,44922744.026465476,1936.8861061976002,0.3820713372854896,0.5286311418224643,968.4430530988003,0.6149732620320856,7155.0923657493795,1.0142388456917304,0.9518716577540107,15559.467629742496,3.8565852453232297,0.9928698752228164,25792.4764192633,6.781420742655321,1.0,36194.30959201752,11.522039125882303
main,transformer,static,2023Q4_shift,True,25826.22821106858,1318009706.8420105,13705.726209105951,2.748419066921472,5.240756119818134,6852.8631045529755,0.031496062992125984,9136.327625483227,1.416533880666787,0.33858267716535434,20108.76996232581,5.537381792882703,0.6141732283464567,35057.62613074836,9.843744744578919,0.8188976377952756,49650.06839248778,16.885103896910476
main,transformer,static,2024_primary,False,2964.932792296114,33087186.130578063,1649.228440862998,0.4113335769762241,0.4895831352253805,824.6142204314991,0.6570702794242168,5677.825421933458,1.1071495983507222,0.9458086367485182,13132.022297056861,4.402042308816682,0.9915325994919559,23294.071868924366,7.67696598369165,0.9995766299745978,33603.86419973091,12.84600537673518
main,transformer,static,2024_primary,True,20340.95968111529,973886612.5405799,10446.007011327667,2.9938236457359095,5.6510820713549315,5223.0035056638335,0.08723404255319149,8307.456163791216,1.830405683432544,0.40425531914893614,18663.443485462412,6.060182401542721,0.7106382978723405,31776.25289217523,10.369478920563544,0.8276595744680851,44437.699111477465,16.582076007390327
no_target_history,lgbm,raw,2023Q4_shift,False,3831.430986936469,40032621.4969619,1758.7668863102697,0.2985516307600931,0.5614787439772783,879.383443155135,0.5204991087344029,8210.65817571876,1.3279059239924866,0.8502673796791443,14236.040350025452,2.719377472251081,0.9197860962566845,18519.69412631845,3.8194203301228766,0.9893048128342246,24237.568766310906,5.242306319228955
no_target_history,lgbm,raw,2023Q4_shift,True,26732.531640164703,1362603702.2416754,17010.874652907813,3.506459890184149,5.448389307274274,8505.437326453908,0.05511811023622047,8869.45397904858,1.5662720034852287,0.11811023622047244,15411.171577393758,2.9261496399898745,0.2677165354330709,19453.091157063656,3.9387862857097,0.4409448818897638,24374.135573952542,5.307672849062013
no_target_history,lgbm,raw,2024_primary,False,3147.9595805722347,31348403.385358483,1558.8147849061484,0.3172007439218774,0.5149757646992217,779.4073924530742,0.550381033022862,6689.296459857254,1.4448200493568295,0.8480101608806097,13241.284568996169,3.109848585649721,0.9276037256562235,17879.40247419458,4.346883403744251,0.983065198983912,22908.08420563394,5.687760044334066
no_target_history,lgbm,raw,2024_primary,True,20870.254604003712,1008211825.8815644,11976.873017588403,3.5970916786457163,5.799979349689422,5988.4365087942015,0.08297872340425531,8855.063648420079,2.0392598530192663,0.34893617021276596,16424.20436099031,4.280232035333727,0.5106382978723404,21297.25347553432,5.74227166227738,0.6425531914893617,27256.34436212559,7.654572767033154
realized_oracle,lgbm,raw,2023Q4_shift,False,4946.954999199289,77668608.18233703,2029.8411694995402,0.324069085936376,0.6733468195307997,1014.9205847497701,0.43315508021390375,7777.9274134465295,1.2817456174501207,0.8128342245989305,15048.063135440845,2.7291951917079844,0.9269162210338681,18803.2752993984,3.813884345646511,0.9928698752228164,21467.471741618567,4.5960050017885505
realized_oracle,lgbm,raw,2023Q4_shift,True,16626.26009244715,600668598.3235847,9710.993901216694,2.2422361849559667,3.9456168960873863,4855.496950608347,0.25984251968503935,16208.228225302186,2.902081316997212,0.44881889763779526,28266.322507158744,5.257759348998705,0.5748031496062992,31094.99357510137,6.042143202645448,0.6535433070866141,33445.72446452474,6.671537117054349
realized_oracle,lgbm,raw,2024_primary,False,3215.9948493578167,40859246.14799463,1521.8478065265622,0.2815080850146001,0.47809559251637,760.9239032632812,0.48348856900931414,6607.158474335509,1.168593539156319,0.8073666384419983,12043.34928459295,2.647264475745782,0.9225232853513972,15762.920584613456,3.813841255329691,0.9856054191363252,20484.55710688611,5.1125464895377535
realized_oracle,lgbm,raw,2024_primary,True,14390.570094222894,566480078.233489,8433.712653546965,2.8712922586760317,4.933691417421232,4216.856326773483,0.18085106382978725,12723.52294286402,2.3183279520674347,0.46170212765957447,22817.17681869633,5.11506074708751,0.6127659574468085,26027.311036288607,6.611311879921987,0.7085106382978723,28946.100541263288,7.882569675685397
train_fraction_100,lgbm,raw,2023Q4_shift,False,4287.145171359092,53921668.14853311,1952.5004897158408,0.31125640316097436,0.59632089903394,976.2502448579204,0.49732620320855614,9163.422494365912,1.4556990863922947,0.786096256684492,15029.623378338913,2.5745796023654335,0.9554367201426025,18842.89717246873,3.6234458747444607,0.9893048128342246,22870.948944101285,4.792145846156886
train_fraction_100,lgbm,raw,2023Q4_shift,True,25430.093496058293,1286095527.6287007,15422.449926689686,3.198403331239667,5.14462075312797,7711.224963344843,0.03937007874015748,10899.001726282113,1.926612872308743,0.1889763779527559,17963.475538451792,3.3464631073362687,0.3464566929133858,22100.889029226306,4.355423670146242,0.5039370078740157,26645.577980431324,5.509546647932199
train_fraction_100,lgbm,raw,2024_primary,False,3061.8824232806746,31815071.568305466,1575.9777398801857,0.28480630367781073,0.45513404058054857,787.988869940093,0.5334462320067739,7546.735664916279,1.2506892201048072,0.8149872988992379,13350.742934979944,2.7759672872691192,0.9318374259102455,17302.05524713819,3.937977344390689,0.9813717188823031,22261.242693347365,5.3753691064096385
train_fraction_100,lgbm,raw,2024_primary,True,19789.66277098399,934447119.015108,11390.308649475664,3.3874594604079262,5.657642191085152,5695.154324737832,0.09148936170212765,10230.51973614795,1.9429125540587866,0.32553191489361705,17071.60227302212,4.043875928897403,0.5106382978723404,21312.096145948643,5.6463155602398345,0.6319148936170212,25249.359095178224,7.134704314168869
train_fraction_25,lgbm,raw,2023Q4_shift,False,5028.864072327567,68049656.53985251,2051.2789563781785,0.3883581035504858,0.762990555237707,1025.6394781890895,0.41354723707664887,7714.859335547861,1.6478487306079042,0.7183600713012478,13976.791121531061,3.0167724579131554,0.8270944741532977,16613.743215114,4.081062301239635,0.9019607843137255,22124.02582995994,6.040721795283547
train_fraction_25,lgbm,raw,2023Q4_shift,True,22294.19309587737,1069131963.130972,16140.63064733249,2.910759911384599,4.515298207824799,8070.315323666246,0.16535433070866143,9474.777211814118,2.6059770289241864,0.25984251968503935,16020.376413099622,4.489124653362157,0.33858267716535434,19818.421249091276,5.894607377355815,0.5039370078740157,26837.60951470443,8.816704933360674
train_fraction_25,lgbm,raw,2024_primary,False,4016.504618025403,43132238.119042456,1806.8810230649551,0.3554700203966045,0.6188626598009536,903.4405115324778,0.4246401354784081,7553.8568449856775,1.4912737564506964,0.7218458933107536,13555.11120182166,2.9932038349471712,0.8552074513124471,17641.12289258586,4.649555781220421,0.9297205757832345,24616.19890236148,6.959763644612866
train_fraction_25,lgbm,raw,2024_primary,True,17885.729119636075,794030766.6183585,11090.025479575777,3.2169782973517735,5.266602413653752,5545.012739787889,0.10851063829787234,10144.587154296923,2.2398299660019574,0.3574468085106383,17037.06778642147,4.337836288196179,0.5063829787234042,20394.786527267435,6.410876743374978,0.6574468085106383,26581.933641104548,9.492413611591978
train_fraction_50,lgbm,raw,2023Q4_shift,False,4930.686044879286,70347050.32307783,1975.525758790015,0.3421636021257997,0.7674627418254856,987.7628793950076,0.4563279857397504,8942.785437625149,1.6541951311891065,0.7754010695187166,14318.202373369093,2.699802317578575,0.8877005347593583,17467.41044710153,3.4599197112539946,0.9625668449197861,21075.52115411353,4.294688782954033
train_fraction_50,lgbm,raw,2023Q4_shift,True,24001.108913030934,1153133808.6630127,16101.733422834694,3.0944692438431645,4.804981137784668,8050.866711417347,0.10236220472440945,10194.987590866032,2.2779704625503423,0.1968503937007874,16218.255479784628,3.51939155321081,0.31496062992125984,20488.89181841953,4.497639747778389,0.4645669291338583,25022.604902053667,5.525249569467029
train_fraction_50,lgbm,raw,2024_primary,False,3403.242998681353,34107386.24385304,1654.6716217138217,0.319131993168707,0.5445113583354575,827.3358108569109,0.45258255715495344,7778.9254213538425,1.497600830569597,0.7413209144792549,13650.349274573473,2.8560114030290826,0.8950042337002541,17605.196403886068,4.173438335656034,0.9665537679932261,23714.87960620084,5.984071852736009
train_fraction_50,lgbm,raw,2024_primary,True,18874.661029669165,856381658.3674736,11528.105781465598,3.476280811451486,5.425958990381805,5764.052890732799,0.09787234042553192,9893.10708442736,1.977187254534513,0.24680851063829787,16605.816865436296,3.7779504119648277,0.42127659574468085,20082.459544658745,5.243154346885075,0.5957446808510638,24716.00128010923,7.274019126554899
